0,0.9479813566595947,0.9546262131403056
1,0.9000396050931768,0.9060425634641068
2,0.8561138634566943,0.8619718803200852
3,0.816420016240391,0.8225288366977292
4,0.7798422506353955,0.7853132621762524
5,0.7462157632060851,0.7519877599290402
6,0.7163270430318949,0.7219138026555687
7,0.6889520977678057,0.6948044416908008
8,0.6629789336250912,0.6691293964924306
9,0.6399279412524256,0.6462814057497408
10,0.6184993982308362,0.6252086680131004
11,0.5969591596999753,0.6040510714329612
12,0.5777633669931792,0.5842394964333061
13,0.5595630527013536,0.5663022558592035
14,0.5435657700787528,0.5499386609780923
15,0.5264782880458763,0.5340141887405455
16,0.5116907494491705,0.5199867351796048
17,0.49569362468821254,0.5040628547063375
18,0.48154225609783746,0.49059341307179505
19,0.469709336147656,0.4797481040673924
20,0.45689951380161054,0.467346374207407
21,0.44744487416579043,0.45861946099675166
22,0.43698674537793214,0.449102190398009
23,0.4277088228981866,0.44073127388805805
24,0.4182797580096231,0.4314349354448579
25,0.40878565445558385,0.42213488110729835
26,0.39938324395110075,0.4131107797049745
27,0.39267988333385256,0.4062450865458381
28,0.3843283265353343,0.39740947735121834
29,0.37794083635478565,0.391727170095873
30,0.3701833441530882,0.38474267299562187
31,0.3635116316241824,0.37855799813567725
32,0.357064195397039,0.37246022765735715
33,0.35085974319149876,0.36578142361930865
34,0.34603626951908495,0.3610946357323095
35,0.34032963817958156,0.3558000892830056
36,0.33524826510870304,0.3513786541853039
37,0.3300036546784668,0.34623011659375746
38,0.32556040240957224,0.3423617394776401
39,0.3212259915510476,0.33862462710174956
40,0.3171738447846762,0.33487421979857135
41,0.31418108172401193,0.3323221345076641
42,0.3105717001524044,0.32899123917453477
43,0.30691120623430307,0.3259482678536906
44,0.30349924869082257,0.3231610072037375
45,0.2998501056961742,0.3198378886688371
46,0.29671406969431097,0.31738823835687097
47,0.293082805773044,0.3147909143934193
48,0.2903868495791483,0.3125343257384425
49,0.2879318999012953,0.3107533717856029
50,0.28527604915516974,0.3084556478859622
51,0.2826410571370413,0.30612903438204914
52,0.2796101746397026,0.3035389709675394
53,0.2775680952165335,0.3019395758780398
54,0.2754610575993776,0.30020788217019706
55,0.2727405511195496,0.2980791021166563
56,0.2707722652996059,0.296547344144893
57,0.26887981968645813,0.2948905680743758
58,0.26725029912005344,0.2938188089815619
59,0.2647255684030973,0.2916883020396277
60,0.2630815256837153,0.2906678438140513
61,0.26145449022673084,0.2894437243302737
62,0.2598666707765271,0.2882807814979914
63,0.2586267116739787,0.28715116849958633
64,0.25787510548542397,0.28648746928713975
65,0.25557710880033,0.28429057040609695
66,0.25354273952625556,0.28249941882116125
67,0.25228919068103,0.28118209997111787
68,0.25020976968441716,0.27917891980551984
69,0.24809644571290723,0.2777058293598533
70,0.24709351182267067,0.27687897805659084
71,0.24566331043601458,0.2760182404502967
72,0.24362138874252529,0.2744209547804798
73,0.24212991500060607,0.27288481209370696
74,0.24053809715844368,0.2713033193964202
75,0.23986629288951863,0.2707498450842382
76,0.23827064257095923,0.2693308016725703
77,0.23699471140651573,0.26838829255787594
78,0.23561515234608182,0.26714514995401495
79,0.23433585219557163,0.2659787338598306
80,0.23380844587222918,0.265411626351186
81,0.23263434645647704,0.26435648604857004
82,0.23170622730623053,0.2637839132525064
83,0.2304651178903422,0.26279243175408395
84,0.2293358921214738,0.2617049193777771
85,0.22737684360342522,0.2601152373163771
86,0.22649229336322343,0.2596511571205332
87,0.22540442657471108,0.2583562413159165
88,0.22405376116621514,0.2570579549205374
89,0.2235933375380689,0.25679264531404083
90,0.22274183908911863,0.25610559172049213
91,0.22168530388987567,0.2552441712055616
92,0.22063170895913942,0.25447970861544067
93,0.2196227387084999,0.2534081393225457
94,0.21890787997764022,0.25286549515434986
95,0.21824449555090147,0.25259640644498255
96,0.21749921940630482,0.2518184794561093
97,0.21640095404773638,0.2509947910426728
98,0.21565201822427205,0.2502227852490472
99,0.21500343086106027,0.24988715617857515
100,0.2137191216711218,0.24876955378704488
101,0.21270505774395282,0.24783577071244778
102,0.2122690746306796,0.2475146185992683
103,0.21149952479227865,0.2468087487007738
104,0.20979446025418716,0.24540174552262786
105,0.2090678200417017,0.24461346047511862
106,0.2078051055855873,0.24362221193460035
107,0.20715220541253984,0.2430944999738434
108,0.2067629553239763,0.24285236144163183
109,0.20565525899201023,0.2423089981721605
110,0.20519152690304399,0.24186468808182976
111,0.20447683636242583,0.24107064666670236
112,0.20340379323546537,0.23997293575218892
113,0.2020284985119135,0.23874838377959443
114,0.20168663115434016,0.23839282019556962
115,0.20069464104595816,0.23737388016330957
116,0.19952909224466314,0.23637420324461783
117,0.19864210896819334,0.23580453176494218
118,0.19756849193596562,0.23481950421144887
119,0.19679615000330972,0.23400193156443455
120,0.19598872365055361,0.23324817208627216
121,0.19519057635137058,0.23252742979565486
122,0.19477517434026367,0.23214572334084568
123,0.194516445258657,0.23217099189915585
124,0.19381645907804226,0.23137092970299247
125,0.19332777236217782,0.23091829639843103
126,0.1928505527651165,0.23047535863918206
127,0.19203625223355242,0.22975037579750757
128,0.19153452454028702,0.22928757670993688
129,0.19125787182162385,0.2291255890712259
130,0.19108059661653884,0.2290532808144199
131,0.19049541568441833,0.22866194984961535
132,0.18967830801287522,0.2278233798487494
133,0.1894657558818054,0.22752388243146246
134,0.18924478286965973,0.2273804727481883
135,0.18864498630357607,0.22705184504088302
136,0.18858003249987207,0.22703401007085902
137,0.1876739891049524,0.22621560028782328
138,0.18677926393209104,0.2254639012829478
139,0.18551347795510673,0.2242839027025852
140,0.18487357847178365,0.22369608666564642
141,0.18392432949396884,0.22287471095454425
142,0.18272388194569963,0.2224516989067705
143,0.182401484567014,0.22221672473204074
144,0.18203911997192643,0.22189766513859416
145,0.18056122660090715,0.22075424518345446
146,0.18052427510987065,0.22074958130244385
147,0.17971907476565127,0.22003112277491152
148,0.17874792669424028,0.21914834190246774
149,0.17844083173303546,0.2189524983132135
150,0.1782993732972941,0.21887977619752902
151,0.17750502154443967,0.2182550121647745
152,0.17743498011696396,0.21814316024418473
153,0.17609949148319834,0.21691361211618326
154,0.1749288091014103,0.21600873357867517
155,0.17454227395866148,0.21567165967077614
156,0.17387146527088754,0.2151551393302869
157,0.17302960347771212,0.21406554887137258
158,0.1729786291460965,0.2140373218357438
159,0.17217430195111158,0.21352573492872143
160,0.1713764509399388,0.2129601832107507
161,0.1713505183587541,0.21295443892396815
162,0.17114263504698454,0.21282428380579155
163,0.17107787793260812,0.21279161511418085
164,0.17087138928651505,0.21265758183364933
165,0.1705795372182777,0.2124178323586466
166,0.1695073819196166,0.21140520159234913
167,0.16926240734044215,0.21118710337124985
168,0.16854291350837153,0.21068322378504378
169,0.1677648752394111,0.2099445897274495
170,0.16710163704786685,0.20926742572438933
171,0.16636061133155577,0.20856317611181183
172,0.16525799472908595,0.20760155021373206
173,0.16502979355391714,0.2073854230397731
174,0.16499583011038113,0.20736959861747917
175,0.16434495143174813,0.20686617958481696
176,0.16422420701668305,0.2067878773905491
177,0.16410668430781494,0.2066896909445774
178,0.16368615915472193,0.20626919976701016
179,0.16303323696734193,0.20581923341265657
180,0.1629506749255316,0.20578131440439884
181,0.16231067902159507,0.20527378333165858
182,0.1619073264838585,0.20495740616955016
183,0.1618879215303887,0.20495051476992834
184,0.16151672576564152,0.2046240676079199
185,0.16104622935734392,0.20423719472081264
186,0.1603194732362275,0.20369658788649864
187,0.1594840551093702,0.20291762418612583
188,0.15920747918751071,0.2026382885027515
189,0.1585019207837382,0.20198450656395114
190,0.15752551345593452,0.20128514934153505
191,0.15740804517541113,0.20119438993701821
192,0.15699948662128657,0.20099933761822258
193,0.15668488416320128,0.20076520491043076
194,0.15617013019623868,0.2002588526420556
195,0.155180766144913,0.199415513039727
196,0.15466258576149713,0.19881170687785735
197,0.15438417982118308,0.1985600489748254
198,0.15381604359763026,0.19817740030366623
199,0.15370142327823477,0.19807497274424232
200,0.15343256322191184,0.19785332910422818
201,0.15341597161681716,0.1978446869220465
202,0.15333539085328643,0.1977764616884513
203,0.15276156460912524,0.19714360438346337
204,0.15256778883557695,0.1969251208328869
205,0.15210019029737135,0.19643619438492319
206,0.1516064175389672,0.19610652838615134
207,0.15158891400234437,0.1961013570456908
208,0.15132139620364327,0.1957891032786535
209,0.15130610283225499,0.19578291991767216
210,0.15058451024590452,0.1951010650613501
211,0.14958543876546335,0.19428088284997735
212,0.14869881967040502,0.1934138344682115
213,0.14850268461835328,0.19330307696487167
214,0.14845902077483236,0.19327501689658036
215,0.14770925557999723,0.19268421330989263
216,0.14769352553729181,0.1926771061708341
217,0.1468590908363967,0.19193697180477803
218,0.14595415250102942,0.19122226097882583
219,0.14513326200748497,0.19050455165197025
220,0.14457513784316967,0.18986420057327208
221,0.144314355567867,0.18960480877422042
222,0.14376246216948238,0.18911514040994873
223,0.14367082423629526,0.1890210114706549
224,0.14351018235150054,0.1888333191119893
225,0.14282388179013866,0.1883700204764163
226,0.14240823614680015,0.1879180881383953
227,0.1422298401103362,0.18777399710077225
228,0.14221350361489765,0.1877625608099739
229,0.1421490803114196,0.18769549204131483
230,0.14192994192683533,0.18750548875236187
231,0.1411273256367359,0.18691067153051386
232,0.14105770779809382,0.18686576113050635
233,0.14043345577539101,0.18640180583591154
234,0.14040800231647865,0.18639155105578076
235,0.14005373822370284,0.18608514759557848
236,0.13954817392525146,0.18584889890637854
237,0.1393870469019644,0.18568923685093652
238,0.138900495311739,0.18530848060617874
239,0.13821285790157314,0.1847128449624863
240,0.13783541436781788,0.18428938775187237
241,0.1376969428733716,0.18417958344323077
242,0.13753440789551355,0.18406371660939186
243,0.1375248500558622,0.1840663844562216
244,0.13713538819208748,0.1837406537937818
245,0.1365880775089298,0.18334101902994643
246,0.1358223166323703,0.18282028462810548
247,0.13535440360230686,0.18245824339801314
248,0.13462302365892395,0.18179635345312672
249,0.13413865312108383,0.18141245312171397
250,0.13404151174707116,0.18136154931156848
251,0.1335337490611911,0.18091431437672667
252,0.13305559637631137,0.18054377166048532
253,0.13238347719819168,0.17993753229195017
254,0.13212103523891716,0.17980543781285324
255,0.13163763089901304,0.17942925544665705
256,0.13140476731926798,0.17935556418187454
257,0.13060692977098945,0.17867785854174137
258,0.1305187964616335,0.17861516414147224
259,0.1297501433731292,0.17805858550921483
260,0.12893792832426262,0.17736004922610815
261,0.12848551804862846,0.17689287926866848
262,0.12807158864790197,0.17667074199237723
263,0.12771874910492992,0.1763452274769941
264,0.12719988530777868,0.17582846727981893
265,0.12712239162713582,0.17577431458143353
266,0.12679336524213167,0.1754628063389204
267,0.1264081791848416,0.1752367012386553
268,0.12615854271268445,0.1749827368089251
269,0.12614032902661768,0.17498367846787932
270,0.12556806415691726,0.1746465910653499
271,0.12534940430351935,0.17441873129999802
272,0.1252555745368513,0.17435013921484227
273,0.12468263361643295,0.1740024496811925
274,0.12424848629248754,0.17367365059021583
275,0.12401842202930644,0.17352255729354155
276,0.12371233319000283,0.17332856008970746
277,0.1232465418048082,0.17294304859862394
278,0.12307831111331545,0.17286883027330785
279,0.12306186840244024,0.1728487995997995
280,0.12284646556378553,0.17271962009830988
281,0.12271247659472617,0.17261402215117386
282,0.12267380501541932,0.17257888705383367
283,0.1225772475538764,0.1724815734715275
284,0.1225290398614472,0.17245431464832428
285,0.1222298254883114,0.1721437810174734
286,0.12218110223218515,0.17208568714683764
287,0.12217396590909632,0.17208497150295157
288,0.12198911801045549,0.17193412308260742
289,0.1216132346487348,0.17169840258398553
290,0.12153095322283554,0.17163329192479898
291,0.12140902228403205,0.17149650650762416
292,0.12102401669577044,0.17112425938887305
293,0.12085679442192912,0.17100159156976452
294,0.12053932761131449,0.17073770317620826
295,0.12027006467886654,0.17055836821439363
296,0.1199041976593623,0.17014709001776923
297,0.1196227617395394,0.16991458632511602
298,0.11913250490476616,0.16955785401801388
299,0.11911853307518804,0.16955644701328043
300,0.11901987150019444,0.16948566812913907
301,0.11855210598020186,0.1691951724953928
302,0.11839405023795446,0.1690933254146726
303,0.11797725553967764,0.16877640993479257
304,0.11765269447912866,0.16841027618044282
305,0.11752004989519324,0.16827984157521966
306,0.11748668443718989,0.16824751791917514
307,0.11744704984371858,0.16820707225294365
308,0.11739859674946318,0.16817930185387261
309,0.11716250971851212,0.16793479385755306
310,0.1167636071700106,0.16767553683206726
311,0.11619651026690694,0.16732482874516078
312,0.1157521110140508,0.16684706159037785
313,0.11558016351927791,0.16675108637755512
314,0.11514340781728301,0.16640253381594097
315,0.11506163020333604,0.16634063610030905
316,0.11499669751989036,0.1662842328853396
317,0.11479463600299229,0.16613854136004855
318,0.11436814991787261,0.1657150613252584
319,0.11379625993664859,0.1653567850283422
320,0.11362756538959148,0.16518854473408537
321,0.11332842325205192,0.16500581044665877
322,0.11313268897569188,0.16486295044003246
323,0.11312242117031879,0.16485706313956827
324,0.11311657908608816,0.1648566161764216
325,0.11296945285283475,0.16471277129389011
326,0.11277444777904158,0.16450449160347055
327,0.11252228332860659,0.1642734386252716
328,0.11218428481775966,0.16407823768762347
329,0.11213977606942264,0.1640477746728311
330,0.11194119491327101,0.16390830299858186
331,0.11193579608792244,0.16390834735424992
332,0.11174636982780407,0.1637371505618904
333,0.11155135501435093,0.16359350981790421
334,0.11154622492019191,0.16359353520896308
335,0.11150339382793716,0.16356012314164653
336,0.11121759610091818,0.16333901932798667
337,0.11108990668106965,0.16323423937560502
338,0.11106043806958525,0.16321482061015
339,0.11105574120007713,0.16321488886123603
340,0.1107207323956479,0.1628887534157052
341,0.11071217337814578,0.1628861376648611
342,0.1104184330422203,0.1626719617931365
343,0.10999817300510395,0.16236971303113468
344,0.10966908925316105,0.16204217565024223
345,0.10946459186535713,0.16190397770235032
346,0.10914250217858036,0.161675687742576
347,0.10879634715047712,0.16144981844922343
348,0.10843484072617601,0.16118796686485912
349,0.10798325250156889,0.1607778039783117
350,0.10749628835954095,0.16036663115537458
351,0.1072061429612048,0.16016896493228888
352,0.10681663618598003,0.1598090650650176
353,0.10654441317452057,0.15958438574487238
354,0.10622202191049541,0.15935724751995023
355,0.10556114597017964,0.1588900677248298
356,0.10523458210546792,0.1587160993227477
357,0.1047435570766041,0.15838623277904015
358,0.10444695495033186,0.1581543879729751
359,0.1043447622935763,0.1580943699803365
360,0.10425612882506367,0.15803224508992156
361,0.10392965211265756,0.15785802563503223
362,0.10378138719442896,0.15776017191736905
363,0.10377086280425228,0.1577582007492924
364,0.10374000592212917,0.15773742098247107
365,0.1036064468121392,0.15751886487280461
366,0.10360242502750534,0.1575188842933234
367,0.10307523822097392,0.15726013125805413
368,0.1028235613523361,0.15702748004641134
369,0.10235637415429648,0.15673025659001882
370,0.1021339769082126,0.15666462382972596
371,0.10198590204802704,0.1565346911937642
372,0.10184536487765132,0.15648797415797777
373,0.1014665179280694,0.15621366626533195
374,0.10135152827245963,0.15619650659458698
375,0.10094488857214115,0.1559964720141279
376,0.10083009607973267,0.1559008413949674
377,0.10064923323452335,0.1558267028336267
378,0.10018602798268898,0.15550122038196534
379,0.09969972828020067,0.15506012326492807
380,0.09938033552032359,0.15472518903155788
381,0.09909894054781161,0.1545870209062815
382,0.0986545845770445,0.15422225818350316
383,0.0985992851686713,0.1542036878380853
384,0.0985153774933557,0.15413290938219842
385,0.09846241192383534,0.15408426927432192
386,0.09822844804714644,0.1539891747405585
387,0.09816226372314085,0.15396044945263576
388,0.09804854798595271,0.15385518912804672
389,0.09773453454986337,0.15365786394009032
390,0.0977272805375202,0.15365090742075976
391,0.09739734898650901,0.15343330850912382
392,0.09725420364237089,0.15330821986627793
393,0.0968673377735832,0.15294358960305365
394,0.09678063341757569,0.1528698805605367
395,0.09659425646108452,0.15279366173755995
396,0.0964721128212487,0.15269534048793504
397,0.09633009463537934,0.15257373618199718
398,0.09613843117740373,0.15248817335156253
399,0.09612334049067582,0.152482033417746
400,0.09584229121416195,0.1521860866862702
401,0.09555402206386489,0.15195890220842076
402,0.0953987917584808,0.15186147269832742
403,0.0952152879697862,0.15169468182138812
404,0.09512148375369209,0.1516366090903809
405,0.09508850571315974,0.15160908055307765
406,0.09499261196244119,0.15153794060415948
407,0.09475624207025914,0.15133657194683878
408,0.09449313323061481,0.15109437080797006
409,0.09408419613737219,0.15085870857474346
410,0.09377274392007744,0.15049869670087523
411,0.09338349278440039,0.15019358078466086
412,0.09313563785897315,0.15001211484220545
413,0.0930538506410186,0.14998608466520136
414,0.09253544049430101,0.1495511552957493
415,0.09242954707986269,0.1495264826416664
416,0.09217790393022061,0.14935942156973073
417,0.0921448810890952,0.14933819709743273
418,0.09191727339761671,0.14911508859507008
419,0.09132794991905406,0.1486193462596218
420,0.09129843088971785,0.14859439914425918
421,0.09120582202063804,0.14852247761125711
422,0.09084524361612853,0.14818603514019965
423,0.09065025651198863,0.14802705953576398
424,0.09058120211634958,0.14798825985269268
425,0.09032806380771599,0.14780779434769878
426,0.0899427299175465,0.14755298620877086
427,0.08962378947443228,0.14737348101356068
428,0.08925329086102003,0.1470996527686188
429,0.08904595174215428,0.1469375659451853
430,0.0889082210978239,0.14686576245326557
431,0.0885051410619245,0.1466281102808985
432,0.08837721840708522,0.14653010041441852
433,0.08819094467383903,0.14635888343767195
434,0.08814218748772078,0.14631362965627573
435,0.08802592436107193,0.1463141991807199
436,0.08778830492561995,0.14617626806322115
437,0.08755447690356574,0.14602784059757748
438,0.0874514124798752,0.1459701690970754
439,0.08737295492928027,0.1459269949718293
440,0.08726876476710844,0.14584244314384662
441,0.08716172107200959,0.1457850817651893
442,0.08684595709237852,0.14550999840050638
443,0.08679741351565215,0.14548997477696635
444,0.08675269380617202,0.14544602364599957
445,0.08657853101080565,0.14525840393198872
446,0.08651087733253067,0.14521700217964884
447,0.08645495883291919,0.14517275595481663
448,0.08644811814538247,0.14516508698689945
449,0.08633677362261083,0.14508694662808147
450,0.08615643776143622,0.1449346688174783
451,0.08592589465864718,0.14474659945340948
452,0.08563062890506128,0.1445401255974562
453,0.0856276235654133,0.14454013484459344
454,0.08534670020019662,0.1443369906012812
455,0.08521607357354141,0.14427046648582187
456,0.08483580381866178,0.1440046685142347
457,0.0847464349760134,0.14381333907581953
458,0.08474353574609131,0.14381339494664055
459,0.0847106941381017,0.14378398453633967
460,0.08464633662471335,0.14374056896067988
461,0.08426155582987677,0.14339219076618093
462,0.08410090198016074,0.14329740930970258
463,0.08396806662452383,0.14327336380785127
464,0.0837413604221546,0.1430805658082433
465,0.08359484577049175,0.14296384977954568
466,0.08343455256822338,0.1429425586495791
467,0.08335093528770791,0.14287743328485736
468,0.08320503860137615,0.1427589155071293
469,0.0829695024922396,0.1425187362791263
470,0.08271625638055534,0.14239100597479706
471,0.08246178310379582,0.1422309097354534
472,0.08227724402818948,0.14210532092610648
473,0.08204463179226971,0.1419211805751927
474,0.08197855257266866,0.14186754684853167
475,0.08193274977622028,0.1418387959506167
476,0.08193009759221219,0.1418365473295229
477,0.08180105292890544,0.14176899496406897
478,0.08153362171248661,0.14151092646153227
479,0.0813291429852492,0.14131837220939633
480,0.0811299493940682,0.1411489929949807
481,0.08088591729184687,0.14098953577015286
482,0.08071270564047661,0.14085546857708334
483,0.08034959361349887,0.14052296471670733
484,0.08034460769151514,0.14051750653193568
485,0.08012347397262451,0.14031792748598393
486,0.07988662934366009,0.14013471695693847
487,0.07971306522119699,0.14000943879815558
488,0.07949359159984731,0.13984787284817357
489,0.07930217113597363,0.1397046174869461
490,0.07922475003301137,0.1396325360900103
491,0.07913082821767678,0.1395634239413099
492,0.07905904928190396,0.13949581847178746
493,0.07904417852356264,0.13948196990580117
494,0.07904181581562816,0.13948281611015317
495,0.07903951267629457,0.13948259637241353
496,0.0790365168543369,0.13948239113663677
497,0.07900050752317384,0.13945422555681206
498,0.07884346535248868,0.13929870009583284
499,0.07876907768080209,0.13922623849066307
500,0.07869780256494005,0.1391750564663305
501,0.07849634062915407,0.13912784082985336
502,0.07845687038377738,0.13909777265271317
503,0.07841700198226853,0.13906618807321922
504,0.07837483736226798,0.13898422533113058
505,0.07818492796785395,0.13889193312285922
506,0.07780652881197472,0.13860259959590604
507,0.07757019491991136,0.1384464952988524
508,0.07756806832873775,0.1384464494953222
509,0.07745945419319196,0.1383766322742224
510,0.07736141982312206,0.13837493901271677
511,0.07707207693960072,0.13814957484611823
512,0.0768522375212696,0.13799159478181647
513,0.07666589465327756,0.13788044874564062
514,0.07655322637827722,0.13781082853242527
515,0.07617957214170516,0.1375561180644427
516,0.07593413254593495,0.13734727938449337
517,0.0757837017226728,0.13725272554179696
518,0.07568383409287577,0.1372310330077994
519,0.07544057598888297,0.1370718431345822
520,0.07539429473455281,0.13702885343889715
521,0.07537740507415368,0.13702866563476498
522,0.07535553794336901,0.1370201802093476
523,0.07517216659837797,0.13693775883562148
524,0.07501058859324257,0.13677982739380984
525,0.07478443092979457,0.13655564745167525
526,0.0747666602036855,0.13653403952509452
527,0.07476104791233787,0.1365284672167492
528,0.07470639997902864,0.1365137148924059
529,0.0746499199237226,0.13647491643778079
530,0.07444692546200664,0.13634445527282688
531,0.07425426930645447,0.13601593821247138
532,0.07410711007178636,0.13590704157836425
533,0.07388789654649593,0.13575441006488453
534,0.07365779338697923,0.13555653075921795
535,0.07359281901528626,0.1355283277228413
536,0.07354721754793099,0.13548925756396998
537,0.07341069645792805,0.13537263917139758
538,0.07329880632586189,0.13530042155670877
539,0.07326489220471588,0.13527760672760786
540,0.07319674138928914,0.13520139940890114
541,0.0730581555603876,0.13512604774984632
542,0.07296546131226364,0.13507893814932476
543,0.07272934757953274,0.1348560028387823
544,0.07263911530177183,0.13476103740182138
545,0.07259319730306732,0.13472914437647954
546,0.0725913376921829,0.13472914852974205
547,0.07257773517273074,0.13472112873549713
548,0.07247716193004629,0.13465024006757398
549,0.07227122816065812,0.1344478498925341
550,0.07221485696154531,0.13440289545954398
551,0.07198746460959089,0.13435727996460736
552,0.07189472621008296,0.13429406196783558
553,0.07188415882767038,0.134285580957233
554,0.07181691535989518,0.13423589380007542
555,0.07177585131765943,0.13420321826304202
556,0.07156902035447812,0.1341162910687276
557,0.07138142428837206,0.13392697628485017
558,0.07096553917941187,0.13370211106458554
559,0.07068788944369304,0.1337081807037626
560,0.07063956495060804,0.13368201413195274
561,0.07042028362051221,0.13352783996305248
562,0.07036900658591029,0.1335024251160488
563,0.07035704058009326,0.13349829775276706
564,0.07019301702432662,0.1333510474831323
565,0.07005561409555743,0.13328001745130902
566,0.07001777658322085,0.13325753735002405
567,0.06986928778949517,0.13317022253928004
568,0.06979509743817881,0.13312715799122535
569,0.06970921371347297,0.13307357050295227
570,0.06967327221822703,0.13302296640168837
571,0.06967163732390104,0.1330230037587992
572,0.06965148272721154,0.13301432018722542
573,0.06952901949996894,0.13291393320839956
574,0.06944749698242518,0.132869906684967
575,0.06938568730534467,0.1328147768485188
576,0.06935230915401983,0.13275787210150805
577,0.06935072660316371,0.13275819933244776
578,0.06929483864252126,0.1327099888985892
579,0.06904526675273392,0.13250877510149975
580,0.06883688030207057,0.13240233006903063
581,0.06883387137310763,0.13239769528042136
582,0.0686943388932944,0.13234748717290917
583,0.06861047588664977,0.13227334920117872
584,0.06856001751959719,0.13224814088178186
585,0.06842073670941698,0.13217708903422024
586,0.06834311332715921,0.1321372605970034
587,0.06828652093276173,0.1321015807154754
588,0.06818133228924128,0.1320248172075321
589,0.06816383094366889,0.132020258459487
590,0.06816099481424474,0.13201448861248768
591,0.06813243251003757,0.13199461909077154
592,0.06812701234135052,0.1319949970540535
593,0.06810689098473781,0.13198253840114899
594,0.06810555071448067,0.13198175620451139
595,0.0680885684183555,0.13197006116637544
596,0.06802267876053963,0.13190801044630357
597,0.06794275725377295,0.13185761934405943
598,0.0678938057330235,0.13183758087807668
599,0.06785821999406166,0.13181636894623328
600,0.06777412931939353,0.13171165849313926
601,0.06776267649542213,0.131702547915923
602,0.0677514903222717,0.1316984845117138
603,0.06770555034004701,0.13168291618194494
604,0.06761382526476571,0.1316082084862238
605,0.06753342083337836,0.13156411537245144
606,0.06748880749204335,0.13152772614840175
607,0.067322171336093,0.13150598701988023
608,0.06711554913457271,0.13141387269625796
609,0.06700405451619261,0.13129907194908094
610,0.0668004724210695,0.13108146188546718
611,0.06664487807466245,0.13100503759932589
612,0.06645573951228612,0.1308293172009139
613,0.06632482070581698,0.13074793624940684
614,0.06612218690771465,0.13048083352216736
615,0.06593802515783517,0.1303677576057873
616,0.06587591470939819,0.13033076274770114
617,0.06575380011868959,0.13026988944250273
618,0.0657010822616034,0.13023028031417827
619,0.06559143688376984,0.13011750264268665
620,0.0654285295378566,0.13000328165862143
621,0.06533357703740171,0.12991376635817017
622,0.06514211357304321,0.1297720531791722
623,0.0649643429816145,0.12963678781101715
624,0.06475985979662735,0.12955439061096263
625,0.06468163880654222,0.12949797727688142
626,0.06465726535596177,0.12947292404674624
627,0.06451424412170462,0.12939071502518393
628,0.06432598906615694,0.12930770610877454
629,0.06416743325730784,0.12922378785141725
630,0.06411370522984879,0.12918402180010077
631,0.06411019582552445,0.12918185844409197
632,0.06402845174430284,0.12914982221560364
633,0.06397300170894389,0.12912736510780984
634,0.06381269329615918,0.1290216584254974
635,0.06373668421493062,0.12897077114028876
636,0.06370737330634585,0.12896140181235868
637,0.06361449191550102,0.12892359967797318
638,0.06352781507644034,0.12885060949830598
639,0.06329383944499808,0.12859176498210198
640,0.06326986061903384,0.12856853971409687
641,0.06326254855862257,0.12856992382876542
642,0.06320638547701071,0.12853831738615215
643,0.06304850326285148,0.12844806651076013
644,0.0627818317204553,0.1283481081932727
645,0.0626324690170528,0.12821876089041348
646,0.06260668606148816,0.12820067007609415
647,0.06247044473376544,0.12811039465756277
648,0.06239521368863689,0.12805115828201086
649,0.06235270412070876,0.12803094584749045
650,0.06219012151886952,0.12791546030202208
651,0.06207670186464458,0.12783590199873113
652,0.06179558539682275,0.12767719631824517
653,0.06172877633142375,0.12766370233951355
654,0.06164167579482795,0.1276191803287941
655,0.06154173642235369,0.12753693794411536
656,0.06131304675371098,0.12741345141487162
657,0.06120802000052556,0.12734706496427217
658,0.06120683066801964,0.12734705923841372
659,0.0611098069156778,0.12725031994417443
660,0.06110361211639674,0.12724646524047636
661,0.06109149333960678,0.12724961447702174
662,0.0609879009715683,0.1271303802674477
663,0.06095861556461329,0.12712867842202455
664,0.06088119606347496,0.1270449193950004
665,0.06078887177281986,0.12699705194049568
666,0.06074261269902859,0.12697022446562778
667,0.06053909543164437,0.12686708004908925
668,0.0604010222730729,0.12680346462528388
669,0.0602877234520425,0.1267185643485517
670,0.06006822440987795,0.1265562373097105
671,0.05994623589700881,0.1264991234640145
672,0.05982211261474606,0.12642962716398268
673,0.05969600505965374,0.12635090876255098
674,0.05962330956078947,0.12632016771618806
675,0.05955536533660138,0.126276280666902
676,0.05936187202434354,0.12609773623219725
677,0.05923463789568736,0.1260054516903484
678,0.05911846658070716,0.12597029200889942
679,0.05909391894834183,0.12594095817021125
680,0.05892651520938423,0.1256367330076841
681,0.05891395885248721,0.12563634004429217
682,0.05889055752667584,0.12562514001818767
683,0.05887922925477079,0.125617066283598
684,0.05886721277899425,0.1256084100757999
685,0.05886617934238072,0.12560838534677563
686,0.05886511924762623,0.1256083887064508
687,0.05886155824379755,0.12561195582592524
688,0.05884551581502222,0.12560562980393847
689,0.05865115574703059,0.12545400516950572
690,0.05859708587894238,0.12539815637631746
691,0.05855593728674826,0.12535962853834587
692,0.05840043737267302,0.1252653877351328
693,0.05835524596067609,0.12523687659356134
694,0.05830915557624222,0.1252145207998815
695,0.05816627498065986,0.1251598538309471
696,0.05804569024063042,0.1250652120077951
697,0.05804470036095318,0.12506515890190428
698,0.05789833450239412,0.12499310923886489
699,0.05786894107303138,0.12496848292961545
700,0.05776709169203267,0.12489158784742597
701,0.05773865517378051,0.12487028384583641
702,0.0576564664875674,0.1248132250854127
703,0.05762036781816932,0.12478792378955549
704,0.05761936064728228,0.12478770753407238
705,0.05760770478306403,0.1247731020895147
706,0.05743955778075547,0.12465888556505302
707,0.05743777251022552,0.12465467672223973
708,0.05737809659900993,0.12459891118274466
709,0.05722658169676249,0.12449575504380651
710,0.05711457488060005,0.12442365423040457
711,0.05707297413005631,0.12440124475127963
712,0.05704824803292152,0.12439040996593732
713,0.05694547197605448,0.12432479463412248
714,0.05691603973356905,0.12429423905587139
715,0.05682629519239066,0.12423595060942268
716,0.05659657975537628,0.12408142916392456
717,0.0565416591974191,0.12403439553801528
718,0.0564533349725666,0.12396650995256814
719,0.05644699561643332,0.12396308598889215
720,0.05638776887460628,0.12392696200773881
721,0.05627245404266763,0.1238643908758137
722,0.05627149064887545,0.12386438139895532
723,0.0562579094946792,0.12384410651567443
724,0.05620092407050498,0.12384723810683942
725,0.05620001733464983,0.12384720793233489
726,0.05615501106882377,0.12380545380611718
727,0.05615413521524112,0.12380545108333796
728,0.05614428799397035,0.12378703455820379
729,0.05609768077774076,0.1237906162612383
730,0.0560850911524812,0.12377619608487614
731,0.05601417014742467,0.12374720376441796
732,0.05591724188832527,0.1236641530672527
733,0.05582288313767703,0.12364132399356784
734,0.05576177161857586,0.12361648902842894
735,0.05551555848766626,0.12344504065967297
736,0.05546325998852948,0.12341703206610892
737,0.05541523215231324,0.12339200947505842
738,0.0552776468899999,0.12332883307485332
739,0.05522055738782144,0.12326830543232788
740,0.05512202393786782,0.12317781013884024
741,0.05488895093507746,0.12290782294131844
742,0.05470860240634141,0.12281123702962381
743,0.0545576920204222,0.1227179584387373
744,0.05446295194989743,0.12263991345784767
745,0.05442171020809557,0.12260896880058741
746,0.05429335318152586,0.12248762571786392
747,0.05420004570908901,0.12239958528913476
748,0.05413066256957273,0.12231583795248299
749,0.05400959021647465,0.12220966589691078
750,0.05394006101463948,0.12215007569772751
751,0.05386752546786954,0.12210454460313616
752,0.05382386861783743,0.12205963276407743
753,0.05377154404458519,0.12204289497864289
754,0.05366426034432103,0.12194966096004395
755,0.05355777656748939,0.12188828215838708
756,0.05333054350471512,0.12167026621894737
757,0.05318958713613154,0.12159470400360443
758,0.05313519466708964,0.12155526104659316
759,0.05307663538427584,0.12151478986325534
760,0.05301348081452191,0.12148069608937873
761,0.05292371331450082,0.1214134911260566
762,0.05290795686608098,0.12139584318981338
763,0.05288106156290652,0.12137736898258286
764,0.05277588980544408,0.12127745428731382
765,0.05257964485072811,0.12120638339523503
766,0.05256107117867401,0.12119505604696167
767,0.05249065192092034,0.12116354216546256
768,0.05245077415354912,0.12112654634006038
769,0.05237553424057446,0.12107326762403745
770,0.05231820138297906,0.12107618706687102
771,0.05216720782670024,0.12096816052884768
772,0.05214225071072942,0.12096790023598777
773,0.05189576506965211,0.12076393194493411
774,0.05179993052025128,0.12074199266475805
775,0.05176589504249218,0.12071869399925907
776,0.05165502891847121,0.12062408078960014
777,0.05163129270765686,0.12061240781541775
778,0.05154731983797375,0.12056713260720478
779,0.05144866274074575,0.12045809516876352
780,0.05137943313083723,0.12044980115242701
781,0.05121975340071414,0.12018594350574152
782,0.05112538235726989,0.12010977620132626
783,0.05108148366192695,0.12008189240021624
784,0.05106385826955823,0.12007642709212386
785,0.05095936063592509,0.12002853844936148
786,0.05089012883603852,0.11997460872484694
787,0.05084718551951908,0.11994957194669938
788,0.05081072968217871,0.11992682292363051
789,0.05077045208400123,0.11992233325656107
790,0.05075265163206379,0.11991520480060845
791,0.05074197380543247,0.11991176439674137
792,0.05072469957324005,0.11990878120690916
793,0.05072173843775269,0.11991192645273398
794,0.05070442069209772,0.11989914894332167
795,0.05068215636223307,0.11988345758024628
796,0.05064106987526298,0.11985385559848608
797,0.0505617184688776,0.11977815409273955
798,0.05051026193285763,0.11974760572954034
799,0.05045505507782551,0.11969482875993376
800,0.05039641231011167,0.11965529129410211
801,0.05037941384822276,0.11964165058130855
802,0.05035974051049242,0.11963906693955932
803,0.05031258319624443,0.11961079085636517
804,0.05029081993926739,0.11958457397647036
805,0.05019786538245317,0.11950917565601404
806,0.05017294773092419,0.11946829156436445
807,0.05017100297006761,0.11946819028335112
808,0.05013792922877975,0.11945205677685009
809,0.05005794099602977,0.1194135128081315
810,0.05003973871337758,0.11939479615794567
811,0.04989708240945256,0.1192689921397918
812,0.04980764605106774,0.11923111608169817
813,0.04968279205185276,0.11917040241778713
814,0.04965369602752882,0.11917305405835188
815,0.04964657021025192,0.1191610347813252
816,0.04953498193419813,0.11908695659680081
817,0.04952128083797458,0.11907856748021232
818,0.0495167634983663,0.1190738769400084
819,0.04951513774109802,0.11906867287392192
820,0.04948207427510701,0.11906680493329247
821,0.04948132527827428,0.11906580949539985
822,0.04941828604611027,0.1189842965009398
823,0.04938751464593521,0.11896632468733374
824,0.0493665963981974,0.1189515676012196
825,0.04934158453141805,0.11893799060170608
826,0.04929502675028331,0.11889849893939419
827,0.04923606840078769,0.11882659740907654
828,0.04919458431679703,0.11880914152685738
829,0.0491245475663754,0.11870413413538775
830,0.04909332525351048,0.11868421499975543
831,0.04909260019367798,0.11868408226494606
832,0.04909189745092551,0.11868406677909828
833,0.04905455693863866,0.11866181666533289
834,0.04899701784411389,0.11863191702747283
835,0.04892758217330817,0.11856040412649041
836,0.04881435825311135,0.11846056961542738
837,0.04879078758619836,0.11846058477042468
838,0.04869583930799083,0.11839264477402041
839,0.04864672735589174,0.11836428536258847
840,0.04858094435688479,0.11831365893299672
841,0.04846616339764864,0.11824909503709263
842,0.04839622598489575,0.11818532582753102
843,0.04831983615959465,0.11812810210088763
844,0.04824090974793241,0.11809430924516955
845,0.048134784687617,0.11803844647926824
846,0.04810203785671148,0.11802164888331435
847,0.04802850422136441,0.11797191176306403
848,0.04790072957648794,0.11787953219964191
849,0.04778807797034629,0.1178172882401099
850,0.0476479809305775,0.11766200325017831
851,0.04763511798352608,0.11764787415156266
852,0.04757043609914521,0.1175949355719042
853,0.04750492885667987,0.1174913308754686
854,0.04741715631265288,0.11742539364872703
855,0.0473162520553668,0.11734376572267083
856,0.04720280726663555,0.11723815050818541
857,0.04710484962512095,0.11717955834841907
858,0.0469802354472735,0.11712185647715374
859,0.04690560410780992,0.11709407477596626
860,0.04679924564435455,0.11703912744557858
861,0.04670250778888574,0.11702712997901775
862,0.0466077955477531,0.11699047092568532
863,0.04659832741776901,0.11698269999383268
864,0.04649531888107459,0.11692471442847184
865,0.04642479928023471,0.11687245763927867
866,0.04640034740008605,0.11686015444644375
867,0.04638137883302997,0.11685681303795283
868,0.04638057596167684,0.11685679435692391
869,0.04637585239551809,0.11685743271261222
870,0.04633512260403714,0.11682545400902533
871,0.04633299441262689,0.1168233213883835
872,0.04619844814876271,0.11673395912674595
873,0.04613125658732889,0.11669325422856264
874,0.04607275914933263,0.11664873663732704
875,0.04606632892835824,0.11664465273624597
876,0.0460403926203791,0.11665531040346896
877,0.04596434151259556,0.11659448925622816
878,0.0458851915345858,0.11655898180576965
879,0.04584973210276701,0.11653486180616725
880,0.04575366026489362,0.1164986348968176
881,0.04571321184426332,0.11647219078495558
882,0.04560775389384381,0.11644466124738828
883,0.04558118054776489,0.11643830618200289
884,0.04554092302933986,0.11641817932056851
885,0.04550436308354824,0.11639630973238799
886,0.04548193379897502,0.1163826707249491
887,0.04547814352965347,0.11638472151046284
888,0.04541534546643417,0.11636176367405499
889,0.04538039815203393,0.11633640300771139
890,0.04531428235957186,0.11629498822613105
891,0.04519497121469306,0.1161749166590835
892,0.04515908595141523,0.11617551259652752
893,0.04505768286787145,0.11607219121047753
894,0.04505694452470938,0.11607262284709512
895,0.045024826624259,0.1160508148110664
896,0.04499815301060083,0.11603621522967458
897,0.04489278044534103,0.11592215629301762
898,0.04481829645162664,0.11583944777545359
899,0.04476999696903922,0.1157860706532196
900,0.04474589380362259,0.11577842726171057
901,0.04473466773789409,0.11577392589076003
902,0.04472761291495862,0.11576885379460829
903,0.04459100315651276,0.11570098665474547
904,0.04459032527464233,0.11570098506042033
905,0.04457415532224811,0.11569147436029893
906,0.04449732087413342,0.11566578232254976
907,0.04449588135600988,0.11566692359417823
908,0.0444770429962804,0.11565591108575736
909,0.04447000265606537,0.1156494374722141
910,0.04446936528506382,0.11564942717686623
911,0.04444353761017809,0.11563783764372458
912,0.04440902820941334,0.11562877629168093
913,0.04432638200434844,0.1156084452534391
914,0.04422276937083854,0.11559332865583122
915,0.04418668307423002,0.11557810181440187
916,0.0441176466283628,0.11556269423195072
917,0.04404751295059397,0.1155021304005419
918,0.0440225485833166,0.1154864920017773
919,0.04400503606969784,0.11547166300569019
920,0.04391125595435552,0.11541642613970042
921,0.04386268046434211,0.11537575508596412
922,0.04373848481957675,0.11536879035752934
923,0.04372468992661821,0.11536630606471586
924,0.04365879413944224,0.1153519982939006
925,0.04361485458393168,0.11531179556953097
926,0.04350877656448811,0.11526821099791715
927,0.04346609523907299,0.11523888559373356
928,0.0434252999203348,0.11522168847893928
929,0.04337370840643857,0.11519389441236322
930,0.04331607600816684,0.11515387346894647
931,0.04330771215214848,0.11514778724799148
932,0.04328548857407815,0.11513148446645917
933,0.04326760824951901,0.11512426076990256
934,0.04316301836924107,0.11509029277964715
935,0.04316237214158904,0.11509029043945114
936,0.04309988247876598,0.11501605101127113
937,0.0430395627331939,0.1149705743302025
938,0.04299482637884118,0.11493969245145279
939,0.04289181405711687,0.11489246784726052
940,0.04284088206701283,0.11488026668320446
941,0.04281615346929549,0.11487235544616452
942,0.04281400774138976,0.11487058400569437
943,0.04281339073185496,0.11487035052071136
944,0.04281279060622082,0.11487034084560323
945,0.0428012829393536,0.11485577599264184
946,0.04277463572065069,0.11484326932555146
947,0.04274947025788476,0.1148307916119706
948,0.04274889581568905,0.11483006806744715
949,0.04266835876957813,0.11478459309071957
950,0.04253304846651181,0.1146542542943836
951,0.0424847426692789,0.11462568826902568
952,0.0424077967820535,0.11457702997522602
953,0.04238868210884635,0.11456939720844032
954,0.04235063823630548,0.11454857001728526
955,0.0422861872561337,0.11448541944668933
956,0.04222956085753206,0.11447090180783492
957,0.0421997167287753,0.11444991969212048
958,0.04213591208811823,0.11438604003143361
959,0.04209238518043548,0.11437449128844286
960,0.04206155100845864,0.11436666334833132
961,0.04203017190888075,0.11435245604929246
962,0.04190670193901231,0.1142898232295302
963,0.04173905336868777,0.11418528790004363
964,0.04169284825577133,0.1141543104589279
965,0.04162853834056483,0.11409428625362464
966,0.04159819504134455,0.11409081580065121
967,0.04158530470859277,0.1140767052572264
968,0.04157965671819502,0.11407625874168294
969,0.04150920225954468,0.11404327901770694
970,0.04146588008127921,0.1140122719915433
971,0.0414510662343787,0.11400479098597305
972,0.04141458212889527,0.11399477972565145
973,0.04138191449448349,0.11398499196385427
974,0.04127016181607369,0.11394086430701811
975,0.04122361319231705,0.11391292759759289
976,0.04120580115712424,0.11390512963048134
977,0.04114211973855696,0.11386695691575112
978,0.04108784988809269,0.11380784033117801
979,0.04103946572221528,0.11377054105872125
980,0.04096940000614255,0.11368274239772491
981,0.0409347592380319,0.11366669448544238
982,0.04089706914702641,0.11364450379142584
983,0.04086937334419245,0.11362767743892037
984,0.04077896555117163,0.11360211953664484
985,0.04074233612876284,0.11357683544294281
986,0.04062414126048648,0.11349800717948454
987,0.04061136456513004,0.11349225662569039
988,0.04048377986806889,0.11338471003978791
989,0.04046265589481032,0.11337650631051041
990,0.04042134857973385,0.11335894336028522
991,0.04037911223171126,0.1133204019259585
992,0.04037735611857732,0.11331856097658759
993,0.04037676182887838,0.11331855155311879
994,0.04036054238772645,0.11329290977295176
995,0.0403586677449698,0.11329138681840026
996,0.0403062134500449,0.11325257155468445
997,0.04030566607308605,0.11325249968014488
998,0.04030197525126942,0.11325049247589497
999,0.04025504239108176,0.1132221869178654
1000,0.04016002762398892,0.11317257844848116
1001,0.040152504881155,0.11316934365106138
1002,0.04008065049035012,0.11313630524242158
1003,0.04007981467732453,0.11313528491054663
1004,0.04007930754501582,0.11313527337479391
1005,0.04007552638200618,0.11313498773588984
1006,0.04007434214263939,0.11313390565975497
1007,0.03999079427556933,0.1130488426083225
1008,0.03998407228396349,0.11303962315717853
1009,0.03997787952585647,0.11303859411505454
1010,0.0399671341969406,0.11303730957364967
1011,0.03995459045230416,0.11304384583395463
1012,0.03995412629905256,0.11304384107083264
1013,0.03994597768118476,0.11304245649150255
1014,0.0399455225516373,0.11304238249392401
1015,0.03992710444517707,0.11303651859421521
1016,0.03988039527465437,0.11300508017442168
1017,0.03983856190087302,0.11299578227257032
1018,0.03980996457827515,0.11298671506272061
1019,0.03975369134269581,0.1129707266679683
1020,0.03972651024029651,0.11295196976276678
1021,0.03966769632565245,0.1129338311684499
1022,0.0396555932369435,0.11293023870909194
1023,0.03961673985729633,0.11288463164722347
1024,0.03958957243376168,0.11287075795017536
1025,0.03958761958011685,0.11286988330556647
1026,0.03958416267192029,0.11286661612123308
1027,0.03958372818825101,0.11286660283049574
1028,0.03956960699482358,0.11286045032091574
1029,0.03956918048424034,0.11286040272973155
1030,0.03956876162241692,0.11286003131271542
1031,0.03956834882036073,0.11286002397776324
1032,0.0395613861027389,0.11285384981768486
1033,0.03955706179339079,0.11285274428675589
1034,0.03954847149068725,0.11284728337473135
1035,0.03952704480950076,0.11284503061422708
1036,0.03952519438565467,0.11284422705854448
1037,0.03952124567450271,0.11284330205372138
1038,0.03952085704908266,0.11284295291367558
1039,0.03948924061319285,0.11283962801068306
1040,0.03944164112227824,0.11281873466672464
1041,0.03940720983502988,0.11278671962639823
1042,0.03940322385843271,0.11278770069699032
1043,0.03937410002189343,0.11275450018981394
1044,0.03936371710638565,0.11275561395211667
1045,0.03932984385329425,0.1127463394612546
1046,0.03929493635259561,0.11273673955785643
1047,0.03917388392624788,0.11265723947904416
1048,0.03910441865757953,0.11256825267403338
1049,0.03905324036191681,0.11253434645587775
1050,0.03900559064649466,0.11252215551625397
1051,0.03891591771616489,0.1124845932882283
1052,0.0389049796190235,0.11248453473175958
1053,0.03880622690376934,0.11242357963706476
1054,0.0387920649950452,0.11241221247533187
1055,0.03877284508507919,0.1123918780738432
1056,0.0387055585944162,0.11232152238282547
1057,0.03867579214135513,0.11230311348766842
1058,0.0385729119263066,0.11229068668362005
1059,0.03850972433840707,0.11223804201400228
1060,0.0384336324594562,0.1122066276597421
1061,0.03836252074283302,0.11217460356994799
1062,0.03835091270041078,0.11217294231338736
1063,0.03829240932067576,0.11213160423320426
1064,0.0381966271552732,0.11210580135519549
1065,0.03812880955755752,0.11205114548062033
1066,0.03806224078839003,0.1120433941548204
1067,0.0380342146482073,0.11202201673066525
1068,0.03797289633520167,0.11200137235995754
1069,0.03793008891901124,0.1119857247283209
1070,0.03783190329361234,0.11195976311064086
1071,0.03782147723078591,0.11195563164532622
1072,0.03781249745387276,0.1119516399350864
1073,0.03776972436823193,0.11191159079863859
1074,0.03772829385873155,0.11189605743100181
1075,0.03770592659431142,0.1118714574905015
1076,0.03768072200890565,0.11186512072690176
1077,0.03765187769787026,0.11185028785570703
1078,0.03764246692250838,0.11184934669670751
1079,0.03760318070897795,0.11183114202459343
1080,0.0375416501116529,0.11179791048566984
1081,0.03753125028896961,0.11178328556900285
1082,0.03752978077783427,0.11178278951417578
1083,0.03750551545491573,0.11177276721904748
1084,0.03750025989972999,0.11177719147263732
1085,0.03749652099288543,0.11177719433395707
1086,0.03748760687750323,0.11177237019313853
1087,0.03748723573558226,0.11177236932446342
1088,0.03744204882999771,0.11172352307152211
1089,0.03738611347837738,0.11169074886484247
1090,0.03735700484534018,0.11168067262608271
1091,0.03730412652789568,0.11168576821958974
1092,0.03724490766811814,0.11163940979159914
1093,0.03721188713877459,0.11162718028931727
1094,0.03720448892428663,0.11162242980387005
1095,0.03715419791273751,0.1115906688776787
1096,0.03714745252657407,0.11158868601447809
1097,0.03714708770564246,0.11158866782093098
1098,0.03711893672842684,0.11157387546499606
1099,0.03710255722986357,0.11155928474275821
1100,0.03697899550764368,0.11150464116425225
1101,0.03686900329980997,0.11145038230588353
1102,0.03685658507176132,0.11145358206986875
1103,0.03685276818251585,0.11145151577640998
1104,0.03681445821062157,0.11142200439700553
1105,0.03679610967719488,0.11140654639517424
1106,0.03679282408576088,0.11140610391486061
1107,0.03679247081485878,0.11140608705029217
1108,0.03676478348996676,0.11139718986203222
1109,0.03676444313727394,0.11139718503342265
1110,0.03676410676679454,0.11139717490602015
1111,0.03675934029934644,0.11140169232456983
1112,0.03675901342349472,0.11140169361246123
1113,0.03675869363466344,0.11140168488754605
1114,0.03674134168003843,0.11139398521197773
1115,0.03672514649197687,0.11138533600674153
1116,0.03666777117063156,0.11134874538366239
1117,0.03665055007025952,0.11133093258436806
1118,0.03663870075224628,0.11132472008555297
1119,0.03661106095658116,0.11130999390247033
1120,0.03654995578725277,0.11128561072268271
1121,0.03652999720745007,0.11127700655799208
1122,0.0365096936337548,0.11127406402684327
1123,0.03646372046174147,0.11122850579279743
1124,0.03644807583986715,0.11121127979842037
1125,0.03644774398863646,0.11121160534049535
1126,0.036445879722877,0.11121222036503361
1127,0.03644556337643598,0.11121221484234851
1128,0.03644525332916893,0.11121210215063548
1129,0.03644453448760423,0.11121169793433952
1130,0.03637967060843337,0.11118088400720735
1131,0.03635423626834696,0.1111614387205813
1132,0.036312022703844,0.11114561491937949
1133,0.03627372645553684,0.11111694167890855
1134,0.03625955440176801,0.11110863759702326
1135,0.03625824912981919,0.1111092252289929
1136,0.03625794136828975,0.1111092224445002
1137,0.03625726611096088,0.1111091450054311
1138,0.0362268939096465,0.11109920536509396
1139,0.03620927950524095,0.11109829113237543
1140,0.03620898315977297,0.11109828707559037
1141,0.03620360449821777,0.11108804183514506
1142,0.03615274150549509,0.11106787370544767
1143,0.03611349738431464,0.11104389464519966
1144,0.03602436510264431,0.11098073314878713
1145,0.03600289797539816,0.11095713350938659
1146,0.03599314447099462,0.11094618680946206
1147,0.03597804647063723,0.11094676133227382
1148,0.03597273698336034,0.11094242999520745
1149,0.03595869000335918,0.11093934446219743
1150,0.0359384419849897,0.1109165005531488
1151,0.03592616624617084,0.11091408521587648
1152,0.03590454110894246,0.11089840256307286
1153,0.03585772506879095,0.11087536697777362
1154,0.03582037601912846,0.11083159944148138
1155,0.03579462804619615,0.11081426399681514
1156,0.03569921265810641,0.11075080316469653
1157,0.03564065968344864,0.1106964487011003
1158,0.03555320400431471,0.11065244709815353
1159,0.03551833929335357,0.11061983951168204
1160,0.03547175981264201,0.11061681537869736
1161,0.0354428779790806,0.11061355192150275
1162,0.03542081341484812,0.11059938582641556
1163,0.03536112834231478,0.11055946553003983
1164,0.03531406542624429,0.11054666192238147
1165,0.03529273600123264,0.11053439133255881
1166,0.03523104896062294,0.11054301635833129
1167,0.03515112506842812,0.11047522238880834
1168,0.03509913252659164,0.1104591816311408
1169,0.03507066135289608,0.1104494909116402
1170,0.03501054704220893,0.11042588964105703
1171,0.03500327152223126,0.11041949050200203
1172,0.03496355783565824,0.1103902187203494
1173,0.03492931726801303,0.11035066064797597
1174,0.0348772314536162,0.11031342877634029
1175,0.03483992690341483,0.11030352836983619
1176,0.03480619851894183,0.1102926542309653
1177,0.03477365424068637,0.11027278220275982
1178,0.03476430726977238,0.11027043145630393
1179,0.03472766875609187,0.11023464994342774
1180,0.03472689035581711,0.11023492795555
1181,0.03471654918922056,0.11022771046165473
1182,0.03468914958607793,0.11021518337180687
1183,0.03468826401554404,0.11021475321463618
1184,0.03462784440947328,0.11014445424278871
1185,0.03458222717717353,0.11010343772031275
1186,0.03454893193668855,0.11008407743551178
1187,0.03446984516345347,0.11002667651251735
1188,0.03443021944331585,0.11002151763710334
1189,0.03439214034494395,0.11000880117004097
1190,0.03435438556838568,0.10999230935484158
1191,0.03435046275980456,0.10999114830248036
1192,0.03435016258562671,0.10999089556308336
1193,0.03431368838806268,0.1099906744016964
1194,0.03431291032270183,0.10999064437152181
1195,0.0342976706185031,0.10998269275040208
1196,0.03423639437628999,0.10992671659029947
1197,0.03417801589671396,0.10987223487883867
1198,0.03415585593724445,0.10985786522718412
1199,0.03414544224266743,0.1098538944736056
1200,0.03414515737985242,0.10985381977649904
1201,0.03414434146115837,0.10985391379162646
1202,0.03414116529083817,0.10985243745579774
1203,0.03414089470383004,0.10985234782112971
1204,0.03413969096509732,0.10984989436387131
1205,0.03412525304210254,0.10983210471315578
1206,0.03411532577444839,0.10982753767092457
1207,0.0340414746833859,0.10976754155706786
1208,0.03392091528322822,0.10968102878755585
1209,0.03382940668699626,0.10964458031946453
1210,0.03371271413969749,0.10954701254792402
1211,0.03361944295757209,0.10950134908815527
1212,0.03358786490635721,0.10948345396110701
1213,0.03350414535828979,0.10941348115190215
1214,0.0334638675637885,0.10938257272447771
1215,0.033383293714222,0.10929079931029526
1216,0.03335851574870325,0.10929085702699658
1217,0.03332456606417604,0.10928777950961469
1218,0.03329616823185572,0.10929576870819088
1219,0.03327227703468076,0.10929013163905393
1220,0.03320994508552991,0.10922540095714894
1221,0.03313348579819636,0.10920570486561694
1222,0.03304984634297634,0.10915140854632123
1223,0.03302330817063733,0.1091438417024895
1224,0.03297135654960335,0.10911396455769502
1225,0.03292062988704344,0.10910243295529545
1226,0.03289105722390939,0.10908495826294201
1227,0.03288340281824732,0.10908279656918482
1228,0.03284179482783224,0.109063960034734
1229,0.03278949859889454,0.10905288929950797
1230,0.03275496394138502,0.10903106860910171
1231,0.03272150513676712,0.10901018335395371
1232,0.03268123105410344,0.10899002950780891
1233,0.03265833470251692,0.1089672469698239
1234,0.03261973553456592,0.10896198985615467
1235,0.03255079996776828,0.10892983269747776
1236,0.03254966400280972,0.10892828165915515
1237,0.0325421244984744,0.10892514422646779
1238,0.03253894546697296,0.1089268119910141
1239,0.03253769106920966,0.1089250936808145
1240,0.0325199327405644,0.10891587016868863
1241,0.03250124676548532,0.1089066592974054
1242,0.03246287463623711,0.1088968973379776
1243,0.03242348326645823,0.1088861278543855
1244,0.03235034790805409,0.10886803876880528
1245,0.0323235555139032,0.10885698285959848
1246,0.03225886196108723,0.10879875322084072
1247,0.03225857837817452,0.10879867353461416
1248,0.0322583087413346,0.10879853368692632
1249,0.03222858624535919,0.10880811396453186
1250,0.03218608110728087,0.10878807044926474
1251,0.03217316663004726,0.10878216258976914
1252,0.03217290391539046,0.10878215950342349
1253,0.03217264711433102,0.10878213925806621
1254,0.03216191671775752,0.10877567894693045
1255,0.03215425107100524,0.10877254240570894
1256,0.03206672335004893,0.10873121977302679
1257,0.03202772333636798,0.10870750275771363
1258,0.03199991356333338,0.1086917991099227
1259,0.03198232149264797,0.10868601169173141
1260,0.03189620533949093,0.10863444661115816
1261,0.03188769477412513,0.10863382856595918
1262,0.03186348557320769,0.10862117116275825
1263,0.03183177453816383,0.10860622682812632
1264,0.03180270990571846,0.10861484362725252
1265,0.03179502862986235,0.10860972403098014
1266,0.03174235919848328,0.10859096576939616
1267,0.03166368780583369,0.10856930456493338
1268,0.03163588573925136,0.10856167520708439
1269,0.0315840222866637,0.10854633006762208
1270,0.0315713899258549,0.10852806902275271
1271,0.03155257790624393,0.10852286636167838
1272,0.0314705588778971,0.1084904803473171
1273,0.03144975581709256,0.10847757799227811
1274,0.03143276764681565,0.10846332707460551
1275,0.03140755385119109,0.10844630232825835
1276,0.03140369805464647,0.10844309649160287
1277,0.03138153096361908,0.10842928671681541
1278,0.03135010597720535,0.10841058846675328
1279,0.03132537762867887,0.10840214425766422
1280,0.03130118439986455,0.10839697632023934
1281,0.03127007179677402,0.10838358885438049
1282,0.03126804515640328,0.10838310094055884
1283,0.03126660458256916,0.1083807673001694
1284,0.03122904705652445,0.10836000285061896
1285,0.03121407120752189,0.10835470080140162
1286,0.03119694910445865,0.10833712315697239
1287,0.03116680200021583,0.1083194949176614
1288,0.03113996269506347,0.10831826082320176
1289,0.03110393615843479,0.1083004873220096
1290,0.03106548917469037,0.10826786092171602
1291,0.03105922147066986,0.10826384074996667
1292,0.03105287667721617,0.10826182130732488
1293,0.03105261756192203,0.10826197808831756
1294,0.03104540666111411,0.10825546469183873
1295,0.03100982202124961,0.10823413269076168
1296,0.03097461759352866,0.10820592527272764
1297,0.03095294080915433,0.10819520787930369
1298,0.03091863510732054,0.10818148560380443
1299,0.03089766165921895,0.10817223743805239
1300,0.03086202359005316,0.10815433378279994
1301,0.03084421444466188,0.10814033081736829
1302,0.03084127572805798,0.10813620292107341
1303,0.0308266442223761,0.10812418803017632
1304,0.03079233118354427,0.10811022033711688
1305,0.03077973619502351,0.10810158137751238
1306,0.03073419036907394,0.10805875461146584
1307,0.03073393587056,0.10805874848092982
1308,0.03073369096152344,0.1080587379533039
1309,0.0306937440186046,0.10802625257177186
1310,0.03065426730341124,0.10801273997435246
1311,0.03064358531986023,0.10800588298842993
1312,0.03061622030158209,0.10798915418589562
1313,0.03061221053817341,0.10798780014898571
1314,0.03060090074335373,0.10798446698521168
1315,0.0305814812473538,0.10797537333523849
1316,0.03055880590705058,0.10796214492637067
1317,0.03054572508940971,0.10795161666139218
1318,0.03051821317614156,0.10793749436618928
1319,0.03048454525217019,0.10792977363459369
1320,0.03046960454651554,0.10792665201668769
1321,0.03043151278153064,0.10791897331241426
1322,0.03040385346585577,0.10791041773203291
1323,0.03039873231121217,0.10790830321882908
1324,0.03039251878129504,0.10790660194551499
1325,0.0303726040732411,0.10790131348419096
1326,0.03031195773378083,0.10785501235136985
1327,0.03029048312718185,0.10785675971249052
1328,0.03027881283123768,0.10783957026577871
1329,0.03026672266391214,0.10782653070783514
1330,0.03026370737178754,0.10782406589506952
1331,0.03025297292139833,0.10783135761606204
1332,0.03025274251482853,0.10783134894713271
1333,0.03022173434687425,0.10784766508446404
1334,0.03019928726965085,0.1078404976895587
1335,0.03015727494370554,0.10783477288908153
1336,0.03009487103218578,0.10780361049179366
1337,0.03004410059123393,0.10778756539700063
1338,0.0300244413555644,0.1077846695123929
1339,0.03000524076457431,0.10776415482893556
1340,0.02993090309766326,0.10772092294647802
1341,0.02992351414003912,0.10771994226319206
1342,0.02989207319433148,0.10770165982456587
1343,0.0298389280103276,0.10766848038343611
1344,0.02979566972465748,0.10762958546919332
1345,0.02976569967707286,0.10761343759171334
1346,0.02973494074597094,0.10759182142443799
1347,0.02969546287961244,0.10757038763758074
1348,0.02967953817293635,0.10756490457759726
1349,0.02964348921084564,0.1075455382885962
1350,0.02959587525502167,0.10751133186633233
1351,0.02958393473976443,0.10750580629054614
1352,0.02954516740671946,0.10747923804101167
1353,0.02948841481740442,0.10742750142093944
1354,0.029434362025833,0.1073942135156599
1355,0.02939476157288991,0.10738070150414475
1356,0.02936392917646072,0.1073688792813649
1357,0.02932310445584179,0.10733220783047642
1358,0.02930723378461491,0.10732211432115406
1359,0.02929866201370381,0.10731664484616216
1360,0.02929742831968322,0.10731599028310315
1361,0.0292628638755939,0.10729986470334255
1362,0.02924160248341427,0.10728562425226328
1363,0.02921643086036025,0.10726468537524558
1364,0.0292022599255704,0.10725780829689224
1365,0.02917755802421218,0.10724500127654553
1366,0.02915871112928614,0.10723869146599432
1367,0.02915252104126166,0.107238514479958
1368,0.02911736811392167,0.10721598387114609
1369,0.02909870633680326,0.10721287147922672
1370,0.02905425438059024,0.10719947727670873
1371,0.02902990926403222,0.1071894298299936
1372,0.02901682322821878,0.10718600047697105
1373,0.02897851844125894,0.1071770970493172
1374,0.02896435084142723,0.10717287906773815
1375,0.02896411094634489,0.10717286621421777
1376,0.02896071550458264,0.10717034860620436
1377,0.02894051703330851,0.10716201070716146
1378,0.02892593643785065,0.1071628904425013
1379,0.02891148226912079,0.10715788417599574
1380,0.0288943716266718,0.10715337395033361
1381,0.02886039661751306,0.10714101647632969
1382,0.02883978578294862,0.10711742185038708
1383,0.02882150345904668,0.10710644119256789
1384,0.02880573013618981,0.10708811049994141
1385,0.02878010848307601,0.10706841363344421
1386,0.02870028769298852,0.10704018059763763
1387,0.02868124155685705,0.10703259675340132
1388,0.02862092862037404,0.10699454349874885
1389,0.02861053735251134,0.10699107649377206
1390,0.02855163544486133,0.10695142119679252
1391,0.028520431574158,0.10693242354516223
1392,0.02848486456871276,0.10691362552063681
1393,0.02846675858844364,0.10690332462951103
1394,0.02846653332938664,0.10690331992308395
1395,0.02842271338481079,0.10690215529450402
1396,0.02837766506138896,0.10687755883655511
1397,0.0283752972515475,0.10687691231109162
1398,0.02835409177134151,0.10685846114687761
1399,0.02830198026602651,0.10683214264977232
1400,0.02826724939514227,0.10682642685910908
1401,0.0282514908853435,0.1068165243621356
1402,0.02822729174565593,0.10680257416779204
1403,0.02820701938352236,0.10681081885623953
1404,0.02817592898814184,0.10679101434692234
1405,0.02814517737153583,0.10677238405703408
1406,0.02810334043070782,0.10674329428348253
1407,0.02806793239734836,0.10673682078996723
1408,0.02802584787716917,0.10669839024203966
1409,0.02800778244906393,0.10668728387751678
1410,0.0279593905977199,0.10667885879846375
1411,0.02793226472160879,0.1066855306127413
1412,0.02791711045097425,0.10668253122331467
1413,0.02790726709771242,0.10667903799226133
1414,0.02788055643280858,0.10665370557485435
1415,0.02785897403559344,0.10664168459251284
1416,0.0278219186221331,0.10662938288027421
1417,0.02779920318834322,0.10660649341357004
1418,0.02779879865531996,0.10660576717785739
1419,0.02777580631308342,0.10660365720690497
1420,0.0277565251239961,0.10659768189696626
1421,0.02773798262444194,0.10659240200013369
1422,0.0277174629981629,0.10658123776844439
1423,0.02765083224083126,0.106527197554912
1424,0.02763141207032223,0.10652638258921068
1425,0.02763013058515902,0.10652576219249493
1426,0.02762736989949363,0.10652495543839519
1427,0.02762716293623215,0.10652494156043922
1428,0.02760054443095932,0.10651292399721218
1429,0.02758343314692923,0.10650738169663405
1430,0.02755396541784768,0.10649422054059329
1431,0.02755376093191536,0.10649420977635317
1432,0.02755030874234649,0.10649068715910934
1433,0.02755011136468825,0.10649068091159268
1434,0.02754959119232828,0.10649045268725492
1435,0.02749989681627194,0.10646862115183907
1436,0.02747322226478295,0.10646000279152117
1437,0.02742944885064834,0.10643560188829208
1438,0.02740810469801712,0.1064139057501709
1439,0.02738839412198062,0.10640519272693602
1440,0.02737827727889831,0.10639735698609172
1441,0.02737463712081096,0.10639339729575102
1442,0.0273405661582167,0.10638160076732209
1443,0.02733779343634374,0.10637934428745505
1444,0.02733760464318358,0.10637934032412483
1445,0.02732651700425553,0.10637426035750133
1446,0.02729416275622416,0.1063503296355905
1447,0.02727285863410993,0.10634841324581538
1448,0.02726650482024592,0.10634270539250346
1449,0.02726538191999288,0.10634159649676155
1450,0.02724888985534489,0.1063427431763333
1451,0.02724214421071381,0.10633075972643126
1452,0.02720923174130289,0.10631576440804041
1453,0.02719281140071195,0.10630768318905494
1454,0.02719125945494705,0.10630740262114408
1455,0.02719047839200433,0.10630759103105111
1456,0.02718294468161693,0.10630526342679378
1457,0.02714565955597711,0.106301203383905
1458,0.02711153563847856,0.10630091437262051
1459,0.02709796153100625,0.1062995226907072
1460,0.02707967339269495,0.1062980603112546
1461,0.02707777543226753,0.10629636761129876
1462,0.02707759707989834,0.10629635840472666
1463,0.02707124916747354,0.10628761759245196
1464,0.02704858722133383,0.10627098663899481
1465,0.02701578433508366,0.10626643014851432
1466,0.02698935951768269,0.10625220571104059
1467,0.02695797135937886,0.10623482809118746
1468,0.02692069194911091,0.1062309871787387
1469,0.02687766050535929,0.10620688084211932
1470,0.02685566786508823,0.10619926468428403
1471,0.0268285309736148,0.10619506789832091
1472,0.02679572947519432,0.10617987995812994
1473,0.02678481542281388,0.10616990320570445
1474,0.02676685746028249,0.10615158326638215
1475,0.0267158418300856,0.10610837320315879
1476,0.02668340220010946,0.1061012203818638
1477,0.02667585761921413,0.10609239297423141
1478,0.02667242758878397,0.10609005030585761
1479,0.02666307886512509,0.10609065580134616
1480,0.02663131855653236,0.10607738605338426
1481,0.02661318723587303,0.10607554063784597
1482,0.0266106418650006,0.1060729261365071
1483,0.02659704431957993,0.10606298043843357
1484,0.02658619893015399,0.10606343709185899
1485,0.02658602267025338,0.10606343037579057
1486,0.02657889528361175,0.1060586949466325
1487,0.02657835775309285,0.1060585221757182
1488,0.0265497494457657,0.1060405867558364
1489,0.0265337959185145,0.10602839868031638
1490,0.02651722544390239,0.10602458944852933
1491,0.02648292227772294,0.10601099532730185
1492,0.026456886642055,0.10600560515362323
1493,0.02645671079863004,0.10600560986708782
1494,0.02645636383127469,0.10600494745584267
1495,0.02642446654568321,0.10601068491577997
1496,0.02640939084250224,0.10600168881660645
1497,0.02639911039705807,0.10600028785127248
1498,0.02639289220313656,0.10599570812133155
1499,0.02637084708377693,0.1059866983671813
1500,0.02637054296745506,0.10598666455194554
1501,0.02637038092602347,0.10598665348041016
1502,0.02637022187537082,0.10598665335450726
1503,0.02636963822882516,0.10598596524973708
1504,0.02636812510374112,0.1059844817536373
1505,0.02635032619211089,0.10596401072427997
1506,0.02634075747441648,0.10595788791626076
1507,0.02630811783309321,0.10594561966209891
1508,0.02628968705003682,0.10594666964549967
1509,0.02626064140022421,0.10594305403796593
1510,0.02623717940549564,0.10592943758716582
1511,0.02618584108488198,0.1059505708868203
1512,0.02614367009027317,0.10591080493499375
1513,0.02610482931619218,0.10589790819868947
1514,0.02606938203217758,0.10586023204470943
1515,0.02605152388887698,0.1058545002297372
1516,0.02603275195900087,0.10584182833275856
1517,0.02602713538559986,0.10584004039493165
1518,0.02600887457983603,0.10583453596512304
1519,0.0260014388706491,0.10583146281743032
1520,0.02597175396970688,0.10581304730698346
1521,0.02596568504894835,0.10581084012774315
1522,0.02596461088062401,0.10580986920361393
1523,0.0259642722882983,0.10580989890596468
1524,0.02593040765343608,0.10578578716061138
1525,0.02589220114787567,0.10581488225993603
1526,0.02588932283505518,0.1058148604946898
1527,0.02588355794652665,0.10580859831524186
1528,0.0258577334416101,0.10578884419251638
1529,0.02580505424234514,0.10575694599452867
1530,0.02578002502359146,0.1057507646073816
1531,0.02575972570545577,0.10574665834043741
1532,0.02574566748631649,0.10573579129383877
1533,0.02573256324051273,0.10573929242250148
1534,0.02571559256633906,0.1057387558699254
1535,0.02569186538717942,0.10572121093271733
1536,0.02566834120114071,0.10571636022221598
1537,0.02566818532565745,0.10571636102787871
1538,0.02565890095399088,0.10571298279784483
1539,0.0256215860303993,0.10565861794821282
1540,0.02557251926323406,0.10561690462450862
1541,0.02556180508349634,0.1056142847751157
1542,0.02549739969423679,0.1056108281447182
1543,0.02549480715906188,0.10561111085485857
1544,0.02542880968090338,0.10557150975497352
1545,0.02540298859450703,0.10555569785109117
1546,0.02537137316300397,0.10554060161531782
1547,0.02531504882666426,0.10551037366892949
1548,0.02530188387856877,0.10549200492985283
1549,0.02528318022898175,0.10548720632889684
1550,0.02528274397562501,0.10548797176022506
1551,0.02525755154384831,0.10547769485285438
1552,0.02525740092978119,0.10547780245888684
1553,0.02524164870697678,0.10547238323137276
1554,0.02524150133732574,0.10547238221949796
1555,0.02524117540280052,0.10547195358698132
1556,0.02524044156955679,0.10547082753267949
1557,0.02522793025236228,0.10546150476298694
1558,0.02522779340145599,0.10546149625533378
1559,0.02522595576261043,0.10546079283167899
1560,0.02522569543895244,0.10546085564209362
1561,0.02521246923415026,0.10545590748112833
1562,0.02521103272220684,0.10545446919195398
1563,0.02519937042908063,0.10545492516698268
1564,0.02519923805715422,0.10545512577562473
1565,0.02519910827758054,0.10545512111777704
1566,0.02519848536998564,0.10545403510243184
1567,0.02518961803895099,0.10545020062231027
1568,0.02518197357459585,0.1054504878616951
1569,0.0251814599948362,0.1054503093835506
1570,0.02515620040330963,0.10544317865614089
1571,0.02512459258187786,0.10544268631631158
1572,0.02507515180639698,0.10542769986293246
1573,0.02506631028567449,0.10542475794561283
1574,0.02505841795534018,0.10542061485123269
1575,0.02505781250557342,0.10541995376152391
1576,0.02504666687539633,0.10540685800512149
1577,0.02502998631315933,0.1054071252266522
1578,0.0250218462032256,0.10540151608451824
1579,0.02496383699846686,0.10536619079538463
1580,0.02493990489323029,0.10535296075360942
1581,0.02487790334056628,0.10532128514414962
1582,0.02482435162983831,0.10527119874613888
1583,0.02480515215609436,0.10527469821929865
1584,0.02479661752833976,0.10527506792927144
1585,0.02478156695629575,0.10526866368484372
1586,0.02475230832060285,0.1052444144256085
1587,0.02471103413810994,0.10522262442252062
1588,0.02469273444664939,0.105217663201496
1589,0.02467641552163411,0.1052108547714519
1590,0.02462296819850698,0.10518399241303528
1591,0.02459894308145183,0.10518461285214399
1592,0.02456934641998638,0.10518470940748936
1593,0.02451474745248598,0.10516786296242249
1594,0.02449391536685707,0.10517054952779364
1595,0.02448169500056872,0.1051604770898186
1596,0.02446774050846974,0.10515153613050975
1597,0.02444817862168606,0.10513850821943517
1598,0.02442546169239283,0.10513586584894331
1599,0.02439733332852167,0.10511587836760045
1600,0.02438103503313078,0.1051086749576974
1601,0.02437174906835158,0.10510439015214688
1602,0.02436378429679068,0.10509972510723231
1603,0.02433357438416994,0.1050842243956704
1604,0.02430578927340333,0.10507358137695663
1605,0.02429233850425956,0.1050768792181567
1606,0.02425937028940391,0.10507074716284605
1607,0.02423960931409417,0.10506606923698854
1608,0.02423211053131467,0.10506282576564102
1609,0.02419936210321115,0.10505005527344412
1610,0.02417880797364106,0.10503561656059433
1611,0.02417787622123746,0.10503514570227317
1612,0.02416036318649478,0.10502332711072114
1613,0.02411978273436404,0.10500547009657107
1614,0.02409204472054191,0.10499977558488137
1615,0.0240797013582368,0.1050030189308585
1616,0.02406599604115603,0.10499433136098926
1617,0.02405789385831605,0.10499063366089803
1618,0.02404558949130094,0.1049827682102156
1619,0.02402487215579196,0.10497319285772243
1620,0.02400985083123068,0.1049632010434047
1621,0.02397886167977596,0.10494581605061673
1622,0.0239655657166122,0.1049370289645128
1623,0.02396234057970197,0.1049359832760074
1624,0.02392189265188257,0.1049280593669367
1625,0.02389084891854406,0.10490760724880549
1626,0.02387465152093296,0.10490503903565888
1627,0.02384221389280694,0.10489283656785313
1628,0.02383120363901638,0.10489384579649058
1629,0.02382827156954552,0.10489147478708276
1630,0.02381891217087769,0.10488872949946271
1631,0.02379897320219844,0.10488506333595798
1632,0.02377876627976095,0.10487498335712414
1633,0.02377242371083801,0.10487377243356089
1634,0.0237652246447721,0.1048721876012796
1635,0.02374772971403645,0.1048687594058374
1636,0.02374133132241817,0.10486765232607545
1637,0.02370717060998127,0.10485612728970548
1638,0.02365814947068561,0.10484994929856777
1639,0.02363996325554365,0.10484696976997424
1640,0.02362334145059152,0.10484499475311453
1641,0.02360035459674822,0.10484714587529398
1642,0.02359736500699338,0.10484789171039584
1643,0.02359617144802403,0.10484680794700557
1644,0.02356385595816608,0.10483703121187612
1645,0.02354138800546476,0.10483044433276954
1646,0.02352173602835763,0.10482857012964407
1647,0.02350956533194818,0.10482325551564751
1648,0.02348654267260804,0.10481360206900407
1649,0.02348515309415383,0.10481202549312403
1650,0.0234581884869748,0.10480515432779426
1651,0.02344499020131122,0.10479848364372196
1652,0.02344484451598371,0.10479848379636289
1653,0.02340745905301783,0.10478138850650306
1654,0.02337764472654197,0.10476216163085504
1655,0.02336831792162353,0.10475757785010299
1656,0.02334290105147092,0.10474937133399552
1657,0.02331875688200483,0.10474650391694787
1658,0.02328757443236507,0.10472314351086467
1659,0.02326729236348161,0.10471448642330698
1660,0.02325174755618353,0.10471265450687219
1661,0.02324601035039869,0.10471199230557565
1662,0.02321820031519613,0.10470535022745038
1663,0.02319490314878575,0.10468536062266555
1664,0.02318114814773347,0.10468571001685038
1665,0.02315713325063173,0.10468051060821516
1666,0.02314158572184191,0.10467733979458906
1667,0.0231171965560855,0.10466762696732057
1668,0.02310751126648474,0.10466413356427358
1669,0.02310286608617468,0.10466803449563197
1670,0.02309456779441354,0.10466243981325007
1671,0.02309140260439071,0.10466084545100274
1672,0.02308542109851286,0.10465505904950038
1673,0.02306019964017357,0.10464301878827899
1674,0.02304518602560572,0.10464134892540458
1675,0.02303173890019026,0.10463947518885192
1676,0.02302934597664831,0.10463723402023617
1677,0.02299957517914479,0.10462543580602543
1678,0.02297705636271428,0.10462376800092073
1679,0.02295950865241619,0.10461655648062385
1680,0.02295263161702297,0.10461437592275907
1681,0.0229493612259869,0.10461372773465617
1682,0.02294676850343182,0.10461108566729303
1683,0.02294056019361857,0.10461378089721879
1684,0.0229400004612111,0.10461394060636287
1685,0.02293982999617775,0.1046138967228865
1686,0.02293970361528073,0.10461389104090049
1687,0.02293810618477344,0.10461341786607456
1688,0.02292624302755674,0.1046130293943804
1689,0.02290141551269697,0.10459600106805336
1690,0.02287914582178868,0.10458858474685663
1691,0.02287432090034378,0.10458514573742826
1692,0.02286969435143619,0.10458139378974911
1693,0.02286957396680291,0.10458139651731234
1694,0.02286945713176557,0.10458139355218395
1695,0.0228693425594536,0.10458139199063926
1696,0.02286486753813684,0.10458100239554866
1697,0.02284450671780166,0.10457485568281864
1698,0.02283958991253533,0.10457116655481209
1699,0.02283947499519413,0.10457115885704295
1700,0.02283735226523377,0.10456884959418787
1701,0.02282504859890974,0.10456173689141048
1702,0.0228034167193456,0.10454784181282223
1703,0.0227817159267186,0.10454092207448297
1704,0.02278160280281984,0.10454112655129866
1705,0.02274482282812922,0.10453723834118676
1706,0.02273139949065126,0.10453162075651592
1707,0.0227141237878228,0.10452579847197185
1708,0.02270908862519815,0.1045236381448419
1709,0.02270874872377637,0.10452397926274641
1710,0.02270753713204596,0.10452292411502695
1711,0.02270523413493983,0.1045223900092432
1712,0.02270512594556027,0.10452239715975958
1713,0.02270468055893076,0.10452299545778257
1714,0.02270457733765148,0.10452298950374578
1715,0.02270319926311074,0.10452265812008157
1716,0.02268750911669955,0.1045186561684848
1717,0.02265594254305612,0.10449957861854757
1718,0.0226195514895367,0.10448240599237701
1719,0.02259225238951082,0.10447210552821444
1720,0.02258530662690066,0.10446589208567064
1721,0.02256523191817794,0.1044552060762309
1722,0.022554668027622,0.10445206997181895
1723,0.02252841890778482,0.10444083204408394
1724,0.02249020901645586,0.10441338571066437
1725,0.02247916615184147,0.10441119234863067
1726,0.02243982650124245,0.10440910643597084
1727,0.02242784581299571,0.10440595050220225
1728,0.02242750334571319,0.10440621500235103
1729,0.02241658424372753,0.10440533091799338
1730,0.02241413352807045,0.1044048526200891
1731,0.0224028981571597,0.10440080658871537
1732,0.0223948047311554,0.10439829948549452
1733,0.02239000193670989,0.10439539121823226
1734,0.02236901124455955,0.10438870402836599
1735,0.02236080023683627,0.10438561014108556
1736,0.02235856314525604,0.10438668863516462
1737,0.02235138003630335,0.1043840391822799
1738,0.02232617086789738,0.10436422790680196
1739,0.02228419134916424,0.10434469646537983
1740,0.02227244594252334,0.10433780575522769
1741,0.02226589586996231,0.10433502545040897
1742,0.02224425634387499,0.10432743170440406
1743,0.02223010375029082,0.10432905757275769
1744,0.02221895298133301,0.10432381435464029
1745,0.02216443621098607,0.10427852805194004
1746,0.02214879535355976,0.1042773969721444
1747,0.02214781186853284,0.10427750885120728
1748,0.02213453214677514,0.10427613024548177
1749,0.02212513870162386,0.1042735428625446
1750,0.02211339060603693,0.104271282507973
1751,0.0221018688573208,0.10426668745910911
1752,0.02205272686701229,0.10423980974341039
1753,0.02202130831519189,0.10424646795000084
1754,0.02200779339386318,0.104244442592457
1755,0.02196328302458809,0.10423357084633715
1756,0.02193972160904708,0.1042182990680819
1757,0.02192769945986318,0.104216221719626
1758,0.02192306803191929,0.10421165997978443
1759,0.02191212578053157,0.10420833361950883
1760,0.02188923508977986,0.10421306136156323
1761,0.0218860310703979,0.10421203350778628
1762,0.02188242597632505,0.10421103520781055
1763,0.02187489596592418,0.10420625817628397
1764,0.02187478706800042,0.10420621819981128
1765,0.02187345253863542,0.10420636820253772
1766,0.02185722522736574,0.10419461196236829
1767,0.02184182373580855,0.10418079207429282
1768,0.02181618346942746,0.10416128836153324
1769,0.02180210621337041,0.10416200100948694
1770,0.02178284032552128,0.10415187444542864
1771,0.02177521173279862,0.10414859388184004
1772,0.02174286770200922,0.1041321019250339
1773,0.02172379384441508,0.1041262817498088
1774,0.02170774024303014,0.10412432449980356
1775,0.02169230632167125,0.10412051392305449
1776,0.02165130838409,0.10410029292996799
1777,0.0216451910854079,0.10409623027530734
1778,0.02164098356834586,0.10409369610847341
1779,0.02162891215105022,0.10408923824619674
1780,0.02162072613002551,0.10408780518189761
1781,0.02160004270082749,0.10408258111381367
1782,0.02157026932118681,0.10405038579129651
1783,0.02153547997552107,0.10402759445395103
1784,0.02151882632125439,0.1040209906931303
1785,0.02149268113623862,0.10400557006471513
1786,0.02147926044241028,0.10400113953318178
1787,0.02146420159859982,0.10399142077835809
1788,0.02145126635006195,0.10398802066911063
1789,0.02144006275938825,0.1039846482930014
1790,0.02142587426532926,0.10397819493600106
1791,0.02141704303622667,0.10397183541713019
1792,0.02141021866019608,0.10397384276132822
1793,0.02140992258950103,0.10397383625650011
1794,0.02140694303694193,0.1039675665595452
1795,0.02139650662181164,0.10397112370855194
1796,0.02137763373021681,0.10396077506727404
1797,0.02134578801785461,0.10395737247921383
1798,0.0213349176307447,0.10395257256302615
1799,0.02133120307151216,0.10394709285345996
1800,0.02132271531943068,0.10394572294774063
1801,0.02130955517022115,0.10395069178713016
1802,0.02129774041512983,0.10394072713775034
1803,0.02129416768393145,0.10393980528945763
1804,0.02129405849779571,0.1039398033518788
1805,0.0212838818008324,0.10393524108069976
1806,0.02128376450674609,0.1039354651491345
1807,0.02128017513865573,0.10393685164957046
1808,0.02126878843615699,0.103934476356671
1809,0.02126035685705265,0.1039342909235099
1810,0.0212424973214764,0.10392871746650346
1811,0.02123262701750024,0.1039283996785627
1812,0.02119739325600418,0.10391502487124467
1813,0.02119182726698098,0.10391342250882929
1814,0.02118553738763932,0.10391153214847075
1815,0.02118543411263349,0.10391152991849406
1816,0.02118533365100598,0.10391152875952797
1817,0.02118412597722394,0.10391074384366702
1818,0.02116639099539965,0.10390397674218932
1819,0.02115351234970237,0.10390892729663125
1820,0.02112730333006531,0.10390010268585309
1821,0.02111786914314032,0.10390000481986847
1822,0.02111253081386807,0.10389622141422512
1823,0.02110448067364641,0.1038942060653193
1824,0.02107611125022111,0.10388971828218932
1825,0.02106952268607955,0.10388891502098148
1826,0.02106517393546027,0.10388830975884648
1827,0.02102771919162501,0.10387018359654838
1828,0.02101829657098584,0.10387058565105922
1829,0.02101819877572246,0.10387055635305745
1830,0.02101574521518578,0.1038707042047644
1831,0.02100441507119927,0.1038654991916996
1832,0.02098465297923305,0.10385673198273476
1833,0.02096499218649192,0.1038517027923993
1834,0.02095895059445276,0.1038513082583972
1835,0.02095556707009039,0.10385087599629338
1836,0.02094516418907864,0.10384753542350243
1837,0.02094378883576996,0.10384423328771863
1838,0.02094369324886114,0.10384405150139943
1839,0.02094222967950328,0.10384338818993535
1840,0.0209195201027552,0.10382474410700497
1841,0.02089000667383798,0.10381953867255438
1842,0.0208847614703349,0.10381822766182554
1843,0.02087142766448549,0.10381155011900298
1844,0.02086358171274871,0.10380959587349625
1845,0.02084825620519154,0.10379834455902566
1846,0.02081500307758783,0.10379571169106137
1847,0.020813075154282,0.10379131284966517
1848,0.02078752397073007,0.10378983848355658
1849,0.02076298403324301,0.10377875995928805
1850,0.02074940513227618,0.10377840340434048
1851,0.02072288307382487,0.10375442628936937
1852,0.02071871816247601,0.10375601053074317
1853,0.02071525166064697,0.10375617979243164
1854,0.02071141634326835,0.1037532721917622
1855,0.0207101243314967,0.10375326257067356
1856,0.02070319233333158,0.10375056244109468
1857,0.02070153058519595,0.10375122992342561
1858,0.02069720188320918,0.10375004600333006
1859,0.02069710471526652,0.10375001046272554
1860,0.02069625740023006,0.10374928692063706
1861,0.02068458865091026,0.10374580653518628
1862,0.02066145619466021,0.10373982537448397
1863,0.02063836644503286,0.10373539853531427
1864,0.02061897717681745,0.10373260471285352
1865,0.02059920503807987,0.10373312323605176
1866,0.0205913864245169,0.10373225188880723
1867,0.02058672792645069,0.10372871767627564
1868,0.02057407236923551,0.10372132266838774
1869,0.02055645376522594,0.10371244022308256
1870,0.02051996958983649,0.10369680006862911
1871,0.02049658197204572,0.10368656618601974
1872,0.02048201636656805,0.10368386651430873
1873,0.02046482386733777,0.10368428749883132
1874,0.02045144083932629,0.10367294076650968
1875,0.02043488572456397,0.10367041449084168
1876,0.02041041507021689,0.1036628068868452
1877,0.02040313586582188,0.10366579117776151
1878,0.02038217737415324,0.10367055260787011
1879,0.02037374270859087,0.1036642205741168
1880,0.02035659580944844,0.10365959366248449
1881,0.02034820842596692,0.1036532287166007
1882,0.02034564426505273,0.10365234430290456
1883,0.02033807022461354,0.10364770379132603
1884,0.02033366890577646,0.10364580301649934
1885,0.02032220868601256,0.10364182392997455
1886,0.02031466236050478,0.10364340063815645
1887,0.02029494591318462,0.1036465688220964
1888,0.0202814940222169,0.10363996567779084
1889,0.02026630420629944,0.10363761704968295
1890,0.02022975443817775,0.10362564871509464
1891,0.02021804949823366,0.10362454255083897
1892,0.02020246804048968,0.1036224520372901
1893,0.02016759045530643,0.10361275752935117
1894,0.02015245316014339,0.10361155627851751
1895,0.02014682005192428,0.10360547248824596
1896,0.02014237980894847,0.10360167985726325
1897,0.02013635239440828,0.10359805709873152
1898,0.02011869586559571,0.10359397111185721
1899,0.02011010111939139,0.10358949019300276
1900,0.02010972086040124,0.10358915102760476
1901,0.02008845571686288,0.10357818403869218
1902,0.02006285207920217,0.10356586657759255
1903,0.02003132618658279,0.10355243773407179
1904,0.02001738957060515,0.10355077935441159
1905,0.02000042138104672,0.10354582939180093
1906,0.01998617974546039,0.10354260883079555
1907,0.01997325574619658,0.10353496467115465
1908,0.01993998061923767,0.10351614653732696
1909,0.01993212371445887,0.10351181038691792
1910,0.01992319427044454,0.10350848586893431
1911,0.01991217364088952,0.10350604876236363
1912,0.01988741024643354,0.10349218951621748
1913,0.01987011611885427,0.10348790082277522
1914,0.01985718509865746,0.103482357506661
1915,0.01983839055375918,0.1034654681620744
1916,0.0198332763513908,0.10346441848178123
1917,0.01981656924197127,0.10345776283024052
1918,0.01981637186101024,0.10345742987365476
1919,0.01981449983816506,0.10345676111965425
1920,0.0198102982643007,0.10345149318569304
1921,0.01979373323865326,0.10344944948449919
1922,0.01978225691486368,0.10344599273594195
1923,0.0197800687483709,0.10344571588691392
1924,0.01977844331256395,0.10344607475385179
1925,0.01977834714305438,0.10344607751917032
1926,0.01976364195283302,0.10343564795461897
1927,0.01976036435152367,0.10343387063567896
1928,0.01975783848869921,0.1034333311767075
1929,0.01975761068578624,0.1034332746261385
1930,0.01975752107540719,0.10343327809403112
1931,0.01975446544626485,0.1034326544276031
1932,0.01975437897308483,0.10343265153731304
1933,0.01975293631911405,0.10343153611760876
1934,0.01975198070106843,0.10343127363960312
1935,0.01974617305966563,0.10343258069513828
1936,0.01974530705326309,0.10343280741491076
1937,0.01974457183474774,0.10343210566237658
1938,0.01973152212699917,0.10342838656293538
1939,0.01971621052203815,0.1034228499615505
1940,0.01970803214298839,0.1034238469052242
1941,0.01969197589052884,0.10341317772028416
1942,0.01967190994272796,0.10340558014600289
1943,0.01965551983809332,0.10339163408081972
1944,0.0196496920707905,0.10339071590342545
1945,0.0196395582749948,0.10338291882829227
1946,0.01963641688258958,0.10338319960723426
1947,0.01960926553060852,0.1033697496174432
1948,0.01959655829903233,0.10336738970400697
1949,0.0195866240627396,0.10336555519753002
1950,0.01954686533574271,0.10336516391144068
1951,0.01953777086697808,0.10336234283486526
1952,0.01952783205626514,0.1033591031795064
1953,0.01951550320246628,0.10334989961034453
1954,0.01949182193730171,0.10334869744307901
1955,0.01946766269909417,0.1033434188906838
1956,0.01944365820769495,0.10333745310542297
1957,0.01942858707183976,0.10333254751209965
1958,0.01941709528181624,0.10332931996603276
1959,0.01941688823670749,0.10332957370855621
1960,0.01941326197015714,0.1033291239781905
1961,0.01938749298891515,0.10331414528981879
1962,0.01936907600596824,0.10329873518544104
1963,0.01934170310002663,0.10329327096855362
1964,0.01933467199577547,0.10329397209146352
1965,0.0193345838136735,0.10329397220992294
1966,0.01933422089950672,0.1032942135630294
1967,0.01932994339255502,0.10329228382810231
1968,0.01932786748368212,0.103290072423385
1969,0.01930586201598643,0.10328258709954811
1970,0.01929996970681259,0.10328038960463215
1971,0.01929398185635317,0.10327885366541543
1972,0.01929389409410602,0.10327885147893516
1973,0.01929263545199611,0.10327568822632208
1974,0.01929255291191765,0.10327566546702653
1975,0.01928851282498258,0.1032743811296926
1976,0.01927728452724109,0.10326943124504336
1977,0.01927150436013236,0.1032669686130368
1978,0.01926087841297752,0.10326277932628232
1979,0.01926080003263426,0.10326278165409375
1980,0.01925984291078235,0.10326045673730684
1981,0.01925949867489083,0.10325998838694458
1982,0.01925942367937131,0.10325999138275238
1983,0.01925934965691613,0.10325998492510287
1984,0.01925705776757145,0.10325929774327244
1985,0.01925036959168019,0.10325319555156016
1986,0.01922829566634235,0.10324566579469821
1987,0.0192225379628502,0.10324250336591734
1988,0.01920050069208933,0.10322820091822899
1989,0.0191747157410888,0.10321981480484549
1990,0.01916473371836978,0.10321404232157878
1991,0.01915475638581455,0.10321144363808846
1992,0.01913423933322321,0.10320207294954505
1993,0.01912466000892578,0.10319556213412062
1994,0.01911647858064882,0.10319681453139484
1995,0.01908415742970059,0.10317732421632601
1996,0.01907570998126481,0.10317924200062686
1997,0.01906988863001685,0.10317692534806051
1998,0.01905344315324006,0.10317655358315346
1999,0.01905248339891984,0.10317569803483331
2000,0.01904872914046595,0.10317206868581359
2001,0.01903847390312202,0.10316945383950916
2002,0.01902037439683972,0.10316495641265394
2003,0.01900286586633526,0.10316126374028176
2004,0.01898752215603053,0.10315546299472468
2005,0.01897109022356745,0.10315659540260134
2006,0.01895815120942638,0.10315322277854272
2007,0.01891321540789393,0.10316046875562326
2008,0.01890872081932981,0.10315971211746058
2009,0.01890412076928218,0.1031597167283
2010,0.01890174274224279,0.10316105927404812
2011,0.01890113185664086,0.103160835530929
2012,0.01890051861952917,0.10316078630255987
2013,0.01889954061899098,0.10315897296175669
2014,0.01889947028577324,0.10315896482855955
2015,0.01889795385015935,0.1031585749727913
2016,0.0188978851921605,0.10315857216613611
2017,0.01889759703778772,0.10315861185908165
2018,0.01888863256096774,0.10315419599031375
2019,0.0188741278315094,0.10314607582871793
2020,0.01886867434974292,0.10314158368367617
2021,0.01885538940809549,0.1031332081879876
2022,0.0188476393229264,0.10313027173606568
2023,0.01884714674629556,0.10312987873610181
2024,0.01884217363546508,0.10313064434537726
2025,0.01883760157869201,0.10313079941513643
2026,0.01883752955756571,0.10313079010512222
2027,0.01883387163563057,0.10312911187788511
2028,0.0188293109065553,0.10312877756635459
2029,0.01882548704792532,0.10312813451337219
2030,0.01881751591373792,0.10311726547903692
2031,0.01881392841486912,0.10311444030716302
2032,0.01881025376187038,0.10311378346941778
2033,0.01877212563302734,0.10310124786283384
2034,0.01874417324114519,0.10308721076714701
2035,0.01872890187895089,0.10308436649229506
2036,0.01869699119045698,0.10306676759978664
2037,0.01868739387098911,0.10306816965242689
2038,0.01867340126607868,0.10305987672616455
2039,0.01864043072618489,0.10304481592732254
2040,0.01863384334000398,0.10304419524832058
2041,0.01862809061548822,0.10304233969464272
2042,0.01861927136892882,0.10304225835806836
2043,0.01861127764072979,0.10303522777924602
2044,0.01860025235118614,0.10303332164547693
2045,0.01860000240119068,0.10303328342942045
2046,0.01859369921409013,0.10302935245398016
2047,0.01857140407226024,0.1030179861945537
2048,0.01856963539847374,0.10301697527643759
2049,0.01855897927709036,0.10301489201216012
2050,0.01855571392466432,0.10301131385388443
2051,0.01854375911211036,0.10300397128603445
2052,0.01853447332377434,0.10300149862551009
2053,0.01852468698288275,0.10299338513443759
2054,0.01850535141488414,0.10298351161293835
2055,0.01849370308954451,0.10297816361936496
2056,0.01849074360111036,0.10297601922019858
2057,0.01849067151155271,0.10297601276471476
2058,0.01848947651127691,0.10297573736660179
2059,0.01845100480734244,0.10296333504632521
2060,0.01844317734531242,0.10295960826980073
2061,0.01842775571981398,0.10296763725984193
2062,0.01841683930337778,0.102964475423458
2063,0.01840333878741246,0.10296455351226516
2064,0.01839116599166321,0.10296660779873222
2065,0.01838807983337805,0.10296552098208518
2066,0.0183691292410103,0.10296785403140754
2067,0.01835435639130946,0.10295916900592281
2068,0.0183360058678775,0.10297025199172335
2069,0.01831935412512836,0.10296557362580014
2070,0.0183135307465475,0.10296286173500377
2071,0.01830352615641398,0.10295974508572192
2072,0.0182832057124482,0.10295590157812036
2073,0.01826908127884281,0.1029521503727006
2074,0.01825807202396459,0.10294656771140424
2075,0.01823833591059453,0.10294533554824715
2076,0.01821469221990661,0.10293187765358197
2077,0.01820928614231911,0.10292742288199455
2078,0.01820325800999754,0.10292022369876906
2079,0.01817242449644005,0.10291580146897344
2080,0.01815961829871976,0.10291569000374808
2081,0.01815179819311718,0.10291539955422914
2082,0.01814701126453878,0.10291708671428185
2083,0.01814046529626394,0.10291183729811809
2084,0.01811983353870988,0.10289795597821637
2085,0.01810915429099426,0.10289644679905072
2086,0.01808527499145338,0.10288934642388872
2087,0.01807929595740971,0.10288773665271643
2088,0.01807916495850796,0.10288766881572775
2089,0.01806528867760951,0.10288309008390961
2090,0.01805059903942091,0.10288109446588621
2091,0.0180274371694282,0.10287498401434596
2092,0.0180073766353671,0.10285523423272694
2093,0.01799902735211883,0.10285485786521177
2094,0.0179955921236197,0.10285115041155668
2095,0.01798178317025746,0.1028489901886892
2096,0.01797220267943539,0.10284797180927835
2097,0.017961038857381,0.10284577176135559
2098,0.01795231996787156,0.10284400594726772
2099,0.0179377608046206,0.1028418684114987
2100,0.01792388522925818,0.10283358152758325
2101,0.01790975269168592,0.10282837589086037
2102,0.01790064836612522,0.10282074589621472
2103,0.01788363542484363,0.10281810580048525
2104,0.01787246373409313,0.1028200453295966
2105,0.0178592519335268,0.10281808287048118
2106,0.01784650499677768,0.10280294177861406
2107,0.01783742602845554,0.10280119850985812
2108,0.0178225717017503,0.10279355141396516
2109,0.0178116129057219,0.10279390082233
2110,0.01780172428106357,0.10279446529474587
2111,0.01778804169680533,0.10278809371902504
2112,0.01777247841967391,0.10278184398886106
2113,0.01775855777141154,0.10277946956935823
2114,0.01774606208622975,0.10277029931225919
2115,0.01771672680459125,0.102759263586847
2116,0.01770348436784007,0.10275549362096195
2117,0.01768223866858246,0.10275030795994702
2118,0.01768080605928858,0.10274982096450158
2119,0.01767440341679385,0.1027465797276894
2120,0.01767306968424336,0.10274560960318274
2121,0.01766479134924835,0.10274583118790742
2122,0.01764259925389678,0.1027429602511065
2123,0.01762838504520926,0.10273620423317127
2124,0.01760403945312498,0.10273241004174147
2125,0.01759863478042582,0.1027333892354913
2126,0.01758312174630369,0.1027314167589973
2127,0.01757435012734763,0.10272527596972224
2128,0.01755297873062394,0.10272245084423369
2129,0.01753996044858994,0.10271651085846228
2130,0.01752998203675898,0.10271260955553682
2131,0.01752619505707265,0.10270988241725075
2132,0.01750933723944345,0.10270250935092921
2133,0.01749556516217348,0.10269943236411218
2134,0.01746559098237494,0.10269632558988298
2135,0.01744845583610131,0.10268931406810233
2136,0.0174330830600744,0.10268582893787705
2137,0.01741225303265408,0.10267868402130922
2138,0.01740433789261776,0.1026753026112474
2139,0.01738962023654524,0.10267429544800763
2140,0.01738465169905585,0.1026731699215277
2141,0.01736417959619367,0.10265841736404477
2142,0.01735916050070488,0.1026540999730517
2143,0.017334316344781,0.10265028681169824
2144,0.01732947902397841,0.10265010465584186
2145,0.01732333797573623,0.10264879407840598
2146,0.0173020886386723,0.10263772543365489
2147,0.01728073148501513,0.10263068854358232
2148,0.01727105501695411,0.10262766002607851
2149,0.01726764121177128,0.10262487654771084
2150,0.0172607597291406,0.10262237887299341
2151,0.0172471813263506,0.10261537328774147
2152,0.01723509476696218,0.10260973966226196
2153,0.01721842521488858,0.1026076794859755
2154,0.01720225228639154,0.1026042087341359
2155,0.01718773548860202,0.10260304339943323
2156,0.01715809668247921,0.10259152840648726
2157,0.01712572034352203,0.10258220607500898
2158,0.01710552299453381,0.10256100116498469
2159,0.01709287978839821,0.10255827513256704
2160,0.01707058594189707,0.10255093108419164
2161,0.01707050284044902,0.10255092085990174
2162,0.01707030356322068,0.1025514711379436
2163,0.01705429466430443,0.10254241991823083
2164,0.01705087314872408,0.10254273821922463
2165,0.01704909636033126,0.10254183471128539
2166,0.01704902049638076,0.10254182932170068
2167,0.01704881098187509,0.10254183628576617
2168,0.01704720057310877,0.1025409746347987
2169,0.01704713032124705,0.10254097032503481
2170,0.01704697948236515,0.10254097605062219
2171,0.01704381526258262,0.10253983619545687
2172,0.01704366089148494,0.10253973890920683
2173,0.01704359436587444,0.10253973618542961
2174,0.01703959535881159,0.1025383393231505
2175,0.01703175537359436,0.10253469844331711
2176,0.01703168766200392,0.10253469599531775
2177,0.01703162209328579,0.1025346905986834
2178,0.01702883158596901,0.10253372629517014
2179,0.01702478304381474,0.10253273414240752
2180,0.01700966967417322,0.10252364330010676
2181,0.01700097348222778,0.10251460198230207
2182,0.01699850483729914,0.10251412189072635
2183,0.0169983562460747,0.10251415633150711
2184,0.0169947625611973,0.10251066218535623
2185,0.01699469895051337,0.10251065843807129
2186,0.01699463769240934,0.10251065373039744
2187,0.01698378000833764,0.10250587048905245
2188,0.01697541261035272,0.10249940398027985
2189,0.01695830849401185,0.10249070461060983
2190,0.01695246218244255,0.10248986576954897
2191,0.01694291089377302,0.1024938267428669
2192,0.01694017289709415,0.10249229119525632
2193,0.01693876506408997,0.10249141607398794
2194,0.0169141559005503,0.1024903424149245
2195,0.01690514328267775,0.1024820592954249
2196,0.01690295172999688,0.1024823788922751
2197,0.01687967041796932,0.10247918541072207
2198,0.01687678450209864,0.1024787761978589
2199,0.01687033679802154,0.10247791105228193
2200,0.01685488636302379,0.1024795631092908
2201,0.01685155703806928,0.10247944426108921
2202,0.01684999962379822,0.10247853415110521
2203,0.01683830310957593,0.10247719563015273
2204,0.01682661309618813,0.10247423922497391
2205,0.01681963513365896,0.10247029872798348
2206,0.01681869238403194,0.10247028519763458
2207,0.01680513323195521,0.10246425687344247
2208,0.0168004496944278,0.10246391029057011
2209,0.01678917384193572,0.10245726246745471
2210,0.01678211874718988,0.10245560743446576
2211,0.01677586994422707,0.10244514145777403
2212,0.01677580665968202,0.10244514445130187
2213,0.01677574474628939,0.10244513561568896
2214,0.01677568372735635,0.10244515746828997
2215,0.01677562501701887,0.10244524239882725
2216,0.01677260667529929,0.10244445117895867
2217,0.01677248474392747,0.10244458095001681
2218,0.01676099181164122,0.10243611344335357
2219,0.01673071948351882,0.10242400711335896
2220,0.01672665977669803,0.10242202488951765
2221,0.01671315001561876,0.10241924785423903
2222,0.01669689745569214,0.10242368714611501
2223,0.01667864420651912,0.1024166055657091
2224,0.01665378380427265,0.10240679021361279
2225,0.01665021464899156,0.1024047681452215
2226,0.01664041221944573,0.10239630692668979
2227,0.01663411397705974,0.10239656079317212
2228,0.01661701106960247,0.1023915154960893
2229,0.01661167917746418,0.1023907146410718
2230,0.01660685688334235,0.1023899911181779
2231,0.01660129651113304,0.10238906531773057
2232,0.01659538592122809,0.10238621323584063
2233,0.01658938291125319,0.1023826819332643
2234,0.01658498906162838,0.10238473088812593
2235,0.01658056844061956,0.10238191306363191
2236,0.01656942139255051,0.1023800082054225
2237,0.01656491995119052,0.10237955225563437
2238,0.01656107607449282,0.10237644106914454
2239,0.01655512056695878,0.1023779459501389
2240,0.0165497333058568,0.10237474830079878
2241,0.01654091695293466,0.1023707180824795
2242,0.01653552263062461,0.10237115807736763
2243,0.01653030870989288,0.1023680390790748
2244,0.01651820903758315,0.10236967131933941
2245,0.01651428645611201,0.10236927874924547
2246,0.01650902399438653,0.10236980089119094
2247,0.01650331670964994,0.10236796228546484
2248,0.01649864452570979,0.10236763646203144
2249,0.01649823984957237,0.10236784577655487
2250,0.01649810090044497,0.1023678136395844
2251,0.01649804014437,0.10236781573452279
2252,0.01649371120380842,0.10236562069623298
2253,0.01649354166533116,0.1023661241609945
2254,0.01648277440243856,0.10236464852003467
2255,0.01647757786990154,0.10236432508524576
2256,0.01646564730850884,0.1023597985111966
2257,0.01646251192213193,0.1023585715922068
2258,0.01645333939956489,0.10235947229912934
2259,0.01644941879950908,0.10235786320379311
2260,0.0164351153944296,0.10234939827577554
2261,0.01642133453251352,0.10234288719962482
2262,0.01641502919002371,0.1023411215837557
2263,0.01640560485376732,0.10233870148505553
2264,0.01639121800412226,0.1023370511965407
2265,0.01637186246955434,0.10232388083981175
2266,0.01635166704081426,0.10231835712738653
2267,0.01634132624420267,0.10231216164192072
2268,0.01631165757908133,0.10230562909097755
2269,0.0163114306073678,0.10230571370081235
2270,0.01630796120715171,0.10230515572390014
2271,0.01630790397216177,0.10230509090766646
2272,0.01630784777211022,0.10230507543626903
2273,0.0163066563736767,0.1023052245674959
2274,0.01630579990033483,0.10230436238912437
2275,0.01630574585924275,0.10230435642403393
2276,0.01629238977355774,0.10230531930695391
2277,0.01628022878565106,0.10230261076040569
2278,0.01627172938662615,0.10230107894010816
2279,0.01625939673519343,0.10229512358799904
2280,0.01624726285380204,0.10229480029233189
2281,0.0162472083865161,0.10229479767759618
2282,0.01623364506078969,0.10229565606552163
2283,0.01622956021589092,0.10229451533689665
2284,0.01621217156232614,0.10229378962827836
2285,0.01620417880654852,0.10228924814037929
2286,0.01618636836119789,0.10229762087240571
2287,0.01617610602486554,0.10229579796099693
2288,0.01616215801879589,0.10229407444903164
2289,0.01615337814768379,0.1022848279341277
2290,0.01614951682609587,0.10228317589094094
2291,0.01614118481388014,0.1022814383905101
2292,0.01613279783446861,0.10227984471651844
2293,0.01612673824993449,0.10227794544893333
2294,0.01612197307220558,0.10227608267862212
2295,0.01610247947782165,0.10226895960954496
2296,0.01609290882844208,0.10226757233359088
2297,0.01609222740393342,0.1022677908607246
2298,0.01609169005043025,0.1022678301884512
2299,0.01608319047738446,0.10226611463885467
2300,0.01607789144190778,0.10226365875754953
2301,0.01605817516806688,0.10226067568543835
2302,0.01605042386180579,0.10225822764984441
2303,0.01604107293035217,0.10225538043650732
2304,0.01601089158807949,0.1022373628223556
2305,0.01599466833289886,0.10223085838174024
2306,0.01598139554584505,0.10222487762197176
2307,0.01597507864028372,0.1022206488724249
2308,0.01596621878272687,0.1022166241286446
2309,0.01595353575376607,0.102217040154048
2310,0.0159516555142965,0.10221514655784374
2311,0.01593489649939574,0.1022123133255415
2312,0.01592172048107233,0.10220765100910646
2313,0.01592156474707742,0.10220762257783655
2314,0.01592150891690734,0.1022076174058835
2315,0.0159209189348752,0.10220777166308566
2316,0.0159208654563001,0.1022077716584123
2317,0.01592035859425129,0.10220601943687817
2318,0.015920306250027,0.10220601707644537
2319,0.0159202556484467,0.1022060136313906
2320,0.01591311861944873,0.1022046715283314
2321,0.01590549934084279,0.10219697397943214
2322,0.01588992319266686,0.10219015985351251
2323,0.01588029143635022,0.10219203465755444
2324,0.01587873686378906,0.10219096460696668
2325,0.01587603614563913,0.1021933192095048
2326,0.01586112266483421,0.10218405478237062
2327,0.01585824684545989,0.10218016152242083
2328,0.01584718030791542,0.10217928958594523
2329,0.01583404150924388,0.10216938262988216
2330,0.01582791286108825,0.10216936923936697
2331,0.01582115475317175,0.10217314254532894
2332,0.01581385839464885,0.10217371115626873
2333,0.01581380821609465,0.10217375269141499
2334,0.01579963691261878,0.10216897455771011
2335,0.01579701011071334,0.10216872185071439
2336,0.01579139902513529,0.10216575044006017
2337,0.01578808307531006,0.10216391797145781
2338,0.01578778606911995,0.10216386565901772
2339,0.01578773706245826,0.10216385979035685
2340,0.01578768817681679,0.1021638366849763
2341,0.01578691232611439,0.10216432012058715
2342,0.01578686626719411,0.1021642725553833
2343,0.01577979592655279,0.10216381449284481
2344,0.01577974920263452,0.10216380804469684
2345,0.01577570807510715,0.10216364721161997
2346,0.01576438337098912,0.10216263647340894
2347,0.01576022522413344,0.10215676043500718
2348,0.01575253252426606,0.10215202128594823
2349,0.01574774269682907,0.10215207744617234
2350,0.01574086017304003,0.1021530051093447
2351,0.0157074095962129,0.10213793894112796
2352,0.01570068710927026,0.10213785159744425
2353,0.01568547007112609,0.10213475839723753
2354,0.01566413747271834,0.10213283249987266
2355,0.01565366898130132,0.10213704953332726
2356,0.01565253231505184,0.1021372927108394
2357,0.01565108537268342,0.10213734672269997
2358,0.01562441947837459,0.10212743201796891
2359,0.01561995366026215,0.10212385661625391
2360,0.01561268371703397,0.1021197037748547
2361,0.01559680704003462,0.10211730337152435
2362,0.01558909220810486,0.10211488755357197
2363,0.01558249309061207,0.10210923206437934
2364,0.01555925722473058,0.10209790973090078
2365,0.01555035500308354,0.1020938801289265
2366,0.01553718171901449,0.10208853804406608
2367,0.01551512123790886,0.10208418193576947
2368,0.01550975005539772,0.10208169694192187
2369,0.01548907917136165,0.10207615416488054
2370,0.01546594915833397,0.10206809470364234
2371,0.01545181612885955,0.10206647283167099
2372,0.01544694599440118,0.10206538529081705
2373,0.01543061952678939,0.10206334448482425
2374,0.01540926022105669,0.10205350072628529
2375,0.0154043842563551,0.10205524976522874
2376,0.01540003349417353,0.10205596617785262
2377,0.01539887410163182,0.102055100659955
2378,0.01539584031362887,0.10205249403615088
2379,0.01539526390053544,0.10205239570680404
2380,0.0153793081204695,0.10204480825668782
2381,0.01535927250383669,0.10203353839748727
2382,0.01534664265071293,0.10202853457914762
2383,0.01532325777934032,0.10201293272313344
2384,0.01531176906888605,0.10201119508352244
2385,0.01530951480932295,0.10201336004272998
2386,0.01530881140674829,0.10201372803286093
2387,0.01530764111731843,0.10201318386355936
2388,0.01530523478290989,0.10200965727095532
2389,0.01530517948972323,0.10200965419497164
2390,0.01530159230230652,0.10200760641358872
2391,0.01530100367940495,0.10200794984759831
2392,0.01530095333938242,0.10200794487138336
2393,0.01530090458005457,0.10200793976404679
2394,0.01527716569304001,0.10200520508053469
2395,0.01526385826929937,0.10200362670366982
2396,0.01524858930482505,0.10200076617530697
2397,0.01523328655177939,0.10199629140447251
2398,0.01521916305723783,0.10199293103781952
2399,0.0152109179479875,0.10199266940136063
2400,0.0151984005329375,0.1019883983348571
2401,0.01519211316315592,0.10197854123414067
2402,0.0151843621040575,0.10197920161463116
2403,0.01518361761926884,0.10197928454411972
2404,0.01518084563316281,0.10197411595221528
2405,0.01516932475292055,0.10197200577447642
2406,0.01516916441032761,0.10197189211233748
2407,0.01516846569106756,0.10197091476446934
2408,0.01516606893623725,0.1019704225246215
2409,0.01515292574915373,0.10196761115553313
2410,0.01514406926620295,0.10196498179141439
2411,0.01514045696134247,0.10196769149077717
2412,0.01513381542239894,0.1019631139973338
2413,0.01512735702235195,0.10196250950459203
2414,0.01510969670236019,0.10195172908310775
2415,0.01510954718771839,0.10195128854345119
2416,0.01510949976235187,0.10195120014126895
2417,0.01510202342944859,0.10195289471729926
2418,0.01508998585576084,0.10196104310033471
2419,0.01508342214530493,0.10196003005404497
2420,0.01506992696930221,0.101951440084461
2421,0.01506405719348294,0.10194601385802536
2422,0.01505409881741425,0.10194767198931277
2423,0.01504473152081358,0.10194421848020938
2424,0.015034073372638,0.10194104945769637
2425,0.01502401215224241,0.1019378823901635
2426,0.01500688310242467,0.1019409651130287
2427,0.01500361879584249,0.10193953694262169
2428,0.01500099638438084,0.10193691483075407
2429,0.0149900626932755,0.10193144349134613
2430,0.01498576992052636,0.10193105526070555
2431,0.01496933861971826,0.10192921809112394
2432,0.01495564345347932,0.10193005921951627
2433,0.01495040998432703,0.10193106634381836
2434,0.01493987945676083,0.10193021301519449
2435,0.01492676890652529,0.10192564626731436
2436,0.01490478211949882,0.10192123022480677
2437,0.0148849591206586,0.10191498603832468
2438,0.01487504498010478,0.10190719814618338
2439,0.01485226386626917,0.1019017909841079
2440,0.01482738701146733,0.10188468575541228
2441,0.01482470962748985,0.101882684671117
2442,0.01480210831751145,0.1018802008310222
2443,0.01480158959864066,0.1018790565117396
2444,0.01479462010266418,0.10187723295509454
2445,0.0147727592440451,0.10187252313447485
2446,0.01476809118643993,0.10186997238693815
2447,0.01476630381525565,0.10186986844922866
2448,0.01476067453191641,0.10187063400475235
2449,0.01475771737394567,0.10187095159874485
2450,0.0147389604370193,0.10186789753757393
2451,0.01472464100122296,0.10186107636164128
2452,0.01470056159299134,0.10185270034856447
2453,0.01469256892895014,0.10185148231896095
2454,0.01468969117937789,0.10184973748754021
2455,0.01468952595672428,0.10185006355062591
2456,0.01468007018032456,0.10185115128433858
2457,0.01467432429143317,0.10184900127568662
2458,0.01467386223307249,0.10184873080981384
2459,0.01467380929490355,0.10184886467604896
2460,0.01466519164528619,0.10184420431227342
2461,0.01465651045697355,0.10184232656590696
2462,0.01464895454395151,0.10184050712717099
2463,0.01463965979570165,0.1018345463530245
2464,0.01462789851173553,0.10183522540222673
2465,0.01461882295638703,0.10183453716936947
2466,0.01461075776151207,0.10183150531425916
2467,0.01460352502556714,0.10182993833572863
2468,0.01459490648654127,0.10182826583859314
2469,0.01458800193232607,0.10182708885258737
2470,0.014571889505614,0.10182206040625048
2471,0.01455993064662868,0.1018219680296831
2472,0.0145552998559349,0.10182056394602279
2473,0.01454120253691889,0.10181000147909375
2474,0.01454114973610631,0.10181000142656939
2475,0.01453588440483343,0.1018028274868726
2476,0.014534772008953,0.10180234505757926
2477,0.01453206469081309,0.1018021903994928
2478,0.01452874498458116,0.10180122067870134
2479,0.01451144310398695,0.1017955018029135
2480,0.0145069880464171,0.10179269437173351
2481,0.01450685432757791,0.10179270491201654
2482,0.01450185060811726,0.101790820198559
2483,0.01450180190913242,0.10179081957040584
2484,0.01450175537505604,0.1017908757803943
2485,0.01449913230427448,0.10179163847200358
2486,0.01449763860071068,0.10178450812619086
2487,0.01449759198698476,0.10178450443930057
2488,0.01449719339095373,0.10178453277047023
2489,0.01449714778106185,0.1017845296161843
2490,0.01448824921056767,0.10177979647480777
2491,0.01448032413144842,0.10177715365672671
2492,0.01446214961301826,0.10177869558190593
2493,0.01444667847414395,0.10177646951684503
2494,0.01443847215100255,0.10177148481030587
2495,0.01442889602169561,0.1017603477084034
2496,0.01441099930045816,0.10175553367988488
2497,0.01440937783001336,0.1017541232615857
2498,0.01439365502557145,0.10174943957491683
2499,0.01438702240608659,0.10173788021601583
2500,0.01438251864091686,0.10173858813329814
2501,0.0143790211501866,0.10173894610579608
2502,0.01437286893333486,0.10173892247302736
2503,0.01436697657443377,0.10173975096553514
2504,0.01436069420199265,0.10173467437679441
2505,0.01436064202013486,0.10173470592747093
2506,0.01435987099975363,0.10173459901838573
2507,0.01435975825925726,0.10173471236651281
2508,0.01435971188219476,0.10173459397443094
2509,0.0143596660711333,0.10173459041873335
2510,0.01435128439312092,0.10172898098516597
2511,0.01434687296309155,0.1017168654022411
2512,0.0143413620234269,0.1017167851970493
2513,0.01433331135117637,0.10171451035692955
2514,0.01432828610115182,0.10171197464661051
2515,0.01431426556410526,0.1017055069041833
2516,0.01430719164371556,0.1017009636525574
2517,0.01430260003897004,0.10169876104109446
2518,0.01429667848438036,0.10169757363631014
2519,0.01428714765426838,0.10168825756139285
2520,0.0142594689013957,0.10167354529432583
2521,0.01425009028840264,0.10167398651870627
2522,0.01422555244481409,0.10167149511426139
2523,0.01422406657953037,0.10167097052797353
2524,0.01422324233194656,0.10167039808683738
2525,0.0142218945394767,0.10166962195506059
2526,0.01422184703860098,0.10166961683017352
2527,0.01422004927133984,0.10166977399956705
2528,0.01421994244061602,0.10166959498532595
2529,0.01421260733656913,0.10166510178115648
2530,0.0142050207661254,0.10166223893863781
2531,0.01419021770921572,0.10166349953722528
2532,0.01416825012763184,0.10165738173759323
2533,0.01416027907047025,0.10165497375020373
2534,0.01414931234212213,0.10164461210320369
2535,0.0141480809001587,0.10164315744077868
2536,0.01414596401691595,0.10164279151784918
2537,0.01413531173204832,0.10164216071889624
2538,0.0141330722849411,0.10164190938051487
2539,0.01412292707194188,0.10164181750159493
2540,0.01411396428773811,0.1016364675836711
2541,0.01410230544477424,0.1016337811844329
2542,0.01409895625623575,0.10163389256964478
2543,0.01409839712396181,0.10163392588146276
2544,0.01409798311988804,0.10163359092330795
2545,0.01409019792245751,0.10163061512329825
2546,0.014081514685211,0.10163007563304663
2547,0.01407769221015825,0.10162881623750677
2548,0.0140742298343609,0.10162778418512454
2549,0.01406585644840506,0.1016288842772427
2550,0.014061809931391,0.10162736993052722
2551,0.01406056547152192,0.10162802157764696
2552,0.01404874309619469,0.10161903858569969
2553,0.01404044410032297,0.10161994575279591
2554,0.01402849840573068,0.10161603979044942
2555,0.01402392911585096,0.10161130053160762
2556,0.01402067796657803,0.10161386406451194
2557,0.01401123654960832,0.10160943449081278
2558,0.01400552093442162,0.101609670252803
2559,0.01399568966580112,0.10160906317197935
2560,0.01399553768150848,0.10160924670616767
2561,0.01398829942583578,0.1016049888015226
2562,0.01398147212426447,0.10160450659695827
2563,0.0139742515338567,0.10160182387655842
2564,0.01395337896662052,0.10159732025318842
2565,0.01394144804927432,0.10159592027503268
2566,0.01393712748354227,0.10159519638234246
2567,0.01393233196662928,0.10159490602591623
2568,0.01392759097881264,0.10159490172667054
2569,0.01391040250551605,0.10158764904059973
2570,0.01389330790450677,0.10158513067777777
2571,0.01387947745575457,0.10158028600854672
2572,0.01386607253689054,0.10157545033233523
2573,0.01385809178271468,0.10157553793082169
2574,0.01385198849007216,0.10157326423954594
2575,0.01384834815811133,0.10157200936206873
2576,0.01384830053223297,0.10157200362175671
2577,0.01383815791571889,0.1015660561447983
2578,0.01382981893322482,0.10156553314167677
2579,0.01382977362517777,0.10156552970497541
2580,0.01382972882508299,0.10156552368632218
2581,0.01382968623608187,0.1015655212700558
2582,0.01381713907409606,0.10156359144064794
2583,0.01380594937237453,0.10155339129609808
2584,0.01379823388431425,0.10155080108358559
2585,0.01378959381797983,0.10154996830533358
2586,0.01378415752660605,0.10155116943171519
2587,0.01377662066729404,0.10154895300132238
2588,0.01377062366095604,0.10155090467817159
2589,0.01376873259147083,0.10155059104233444
2590,0.0137532461947324,0.10154732976911668
2591,0.01374357021046462,0.10154485476915666
2592,0.01373652903471329,0.10154343288737283
2593,0.01372727632541039,0.10153444983150986
2594,0.01371516050047157,0.10153033169330718
2595,0.01371466928307135,0.10152988203261877
2596,0.01371104189556753,0.10152724367495812
2597,0.01370488887271103,0.10152879083088549
2598,0.01370158629679755,0.10152803617107095
2599,0.01370147496482861,0.10152820617916122
2600,0.01370078963180254,0.10152710063489659
2601,0.01370069753419944,0.1015270405745238
2602,0.0137006547267137,0.1015270401642476
2603,0.01370061301784174,0.101527039642392
2604,0.01369795969943842,0.10152663226630769
2605,0.01368398249902139,0.10152384454282262
2606,0.01368353425828803,0.10152396639876766
2607,0.0136770008445991,0.10151999645239441
2608,0.01367695753226096,0.10151999656569675
2609,0.01367687867512781,0.10151973324750256
2610,0.01367463848044617,0.10151583089723318
2611,0.01367207584178016,0.10151354602270396
2612,0.01366654880594352,0.10151216499858792
2613,0.0136539027910978,0.10150931373734513
2614,0.01365215143754766,0.10150999496800125
2615,0.0136377455391204,0.10151752317922728
2616,0.0136352917304054,0.10151354320886505
2617,0.01363366728548875,0.10151424359604523
2618,0.01363362728042108,0.10151425168292139
2619,0.01363172159468646,0.1015144015969196
2620,0.01361893664608746,0.101513531387807
2621,0.01360232631401768,0.10151048016179247
2622,0.013593544519534,0.10150682557736732
2623,0.01359311347083966,0.10150635468174808
2624,0.01358460751044894,0.10150232725043369
2625,0.01358456815451082,0.10150232721313
2626,0.01358443464638312,0.10150262942892728
2627,0.01358385547219187,0.10150237838871848
2628,0.01358381806966512,0.10150243299147783
2629,0.01358136760973236,0.1015003191287351
2630,0.01358087709407835,0.1015000460657491
2631,0.01357846256527957,0.1015017384436256
2632,0.01357052402247245,0.10149910666054743
2633,0.01356206896609412,0.10149882983525053
2634,0.01356049863633714,0.10149727268395177
2635,0.01355677797177775,0.10149720734143503
2636,0.01353465311617553,0.10149394489416705
2637,0.01353282480728201,0.1014904595622109
2638,0.01352743584059583,0.10148890619331782
2639,0.01352143752494668,0.10148893899411007
2640,0.01351862732349117,0.10148719322935681
2641,0.01350845338585812,0.10148237639506172
2642,0.01349686043286837,0.1014779539961152
2643,0.01348993304734625,0.10147604151176152
2644,0.01348980311268735,0.10147616476826953
2645,0.01347872204713033,0.10147364974910326
2646,0.01347474514626713,0.10147142758098972
2647,0.01346542785515879,0.10146964307501742
2648,0.01345586919261439,0.10146731167649303
2649,0.01343887042095013,0.10146402060292645
2650,0.01343389307940273,0.10146532702966696
2651,0.01342276983784712,0.10145268541117765
2652,0.01340914343874779,0.10144405919486955
2653,0.01339466157224963,0.1014416189102496
2654,0.01338079868403443,0.10144032137420753
2655,0.01337363524852604,0.10144117500570576
2656,0.01336407436967025,0.10143837976349207
2657,0.01335597925814999,0.10143456377269022
2658,0.01335041211364131,0.10143479888953862
2659,0.0133410429937517,0.10143440063146943
2660,0.01333886864605057,0.1014340289764501
2661,0.01333633232117708,0.10143313336835863
2662,0.01332533910934668,0.10143086120663747
2663,0.0133211791678446,0.10142961521200827
2664,0.01331806051194907,0.10142962805739014
2665,0.01331126690682257,0.10142617589410582
2666,0.01329860834071291,0.10143052348413385
2667,0.01329080824870379,0.10142815964391683
2668,0.01328157127078804,0.101422535975648
2669,0.01327660850395965,0.10142041818421477
2670,0.01326846659015084,0.10141700277819352
2671,0.01326424297378538,0.10141586458892365
2672,0.01325363094481307,0.10140794806016674
2673,0.01324744985298323,0.10140628426902368
2674,0.01323773643500937,0.10140036485057448
2675,0.01323139408149138,0.10139941789355279
2676,0.01322087770163865,0.10139588797118337
2677,0.01321774296729,0.10139631699476978
2678,0.01321469182110649,0.1013971181520466
2679,0.01320793374067309,0.1013954755626877
2680,0.01318920065264668,0.10138843325066968
2681,0.01317625548643609,0.10137940867362852
2682,0.01316877673915666,0.10137889872424223
2683,0.01316088126724345,0.10137964974800807
2684,0.01314688567924853,0.10137666025561134
2685,0.01314424695950952,0.10137587958020658
2686,0.01314420256460268,0.10137587709019538
2687,0.01313948410430218,0.1013739669787092
2688,0.01313899103287227,0.10137335582772851
2689,0.01313599785401222,0.10137113421081924
2690,0.01313437900217582,0.10137086128597515
2691,0.01313433940819619,0.10137085752619893
2692,0.01313424043129316,0.10137058144801037
2693,0.01312928860456604,0.10136804262868224
2694,0.01312200919478939,0.10136746449320905
2695,0.01311788451337099,0.10136621474324276
2696,0.01311784759670575,0.10136618673910364
2697,0.01310346541292683,0.10135590616153613
2698,0.01309290987876907,0.10135236066918452
2699,0.01308917945460466,0.10135272242794206
2700,0.01307667080481989,0.10134307039406507
2701,0.01306676068574432,0.10134213490236903
2702,0.01306372709999155,0.10134181787436043
2703,0.01305987035886764,0.1013406132573238
2704,0.01305154567937972,0.10133782604992819
2705,0.01304198729220148,0.10133524108085074
2706,0.01303982872835024,0.10133342406679431
2707,0.01303316885818058,0.10132805343294311
2708,0.01302609537021277,0.10132403811531135
2709,0.01301956358217031,0.1013241200220276
2710,0.0130118402202214,0.10132278972454595
2711,0.01300370849513776,0.10131878608148406
2712,0.01298712908703197,0.1013155030754937
2713,0.0129720727362157,0.10131510323302736
2714,0.012965489656927,0.10131372681182654
2715,0.0129560171828183,0.10131174690234747
2716,0.01294241715098902,0.10130796749304508
2717,0.0129360152377163,0.10130529033381122
2718,0.01293310766913518,0.10130291104330853
2719,0.01292530822271187,0.1013072619392832
2720,0.01292215499849189,0.10131274118108642
2721,0.01291887159351122,0.10131181987772157
2722,0.01291743243685593,0.10131038330576435
2723,0.01291306062356169,0.10131156692106519
2724,0.01290407502152846,0.10130703975881071
2725,0.01290062210339168,0.10130718464531101
2726,0.01288661913599694,0.1013045849329453
2727,0.01288051054474097,0.10130307862417341
2728,0.01286932963058388,0.10129979624157609
2729,0.01286208202165122,0.10129885086780359
2730,0.01284420399977497,0.1012973465217641
2731,0.01283643090927365,0.1013047344615264
2732,0.01283638887710286,0.10130471901530366
2733,0.01283520834573454,0.10130375903316191
2734,0.01283516822880714,0.1013037748628672
2735,0.01282731139292258,0.10130328689942934
2736,0.0128194095376809,0.10130218486250031
2737,0.01281695884543379,0.10130252165575418
2738,0.01281150662587972,0.10130097777926066
2739,0.01280338620896142,0.10130011765168616
2740,0.01278783523103699,0.10129932767066285
2741,0.01277810860380647,0.10130180724552909
2742,0.01277422623093015,0.10130086304150539
2743,0.01277248140716462,0.10130018711242252
2744,0.01277058311953412,0.1012989553887136
2745,0.01276737533335545,0.10129733639277975
2746,0.01276248023927624,0.10129688073674892
2747,0.01275940224363831,0.10129685392087157
2748,0.01275936331319329,0.10129687041276726
2749,0.01275825812983441,0.10129697435485979
2750,0.01275821991246115,0.10129697404351003
2751,0.01275787249996173,0.10129671072444332
2752,0.01275777090287891,0.1012967021905402
2753,0.01275773555964213,0.10129665529461072
2754,0.0127576989441924,0.10129665220142736
2755,0.0127528885758733,0.10129378972595197
2756,0.01274786805691576,0.10129304951086908
2757,0.01274780017915372,0.10129309850851727
2758,0.01274751882667375,0.10129299662136663
2759,0.0127453120599538,0.10129445168060096
2760,0.01274519266660734,0.10129491655881236
2761,0.01274507367624701,0.1012948328288949
2762,0.01272965653414847,0.10129078433597603
2763,0.01272745683580244,0.10128952015891438
2764,0.01272733565780875,0.10128899756336862
2765,0.01272715318022148,0.10128823887680143
2766,0.0127218342373497,0.10128725608559579
2767,0.01271426037601545,0.10128583885261418
2768,0.01271060528079428,0.10128266929933069
2769,0.01270452583617052,0.10128269421172585
2770,0.01270077377979129,0.10128185849798961
2771,0.0126915638226966,0.1012789843601252
2772,0.01267682907408301,0.10127455602974125
2773,0.01266181722709343,0.10127237769562583
2774,0.012648627584539,0.10127028423083727
2775,0.01264321239046129,0.10126465646135173
2776,0.0126224623851593,0.10125607895381111
2777,0.01261789790180781,0.10125539947123799
2778,0.01261709758331307,0.10125517725989341
2779,0.01261000708553887,0.1012553056074033
2780,0.01260879493848429,0.10125448971881391
2781,0.01260440066052378,0.10125296083895226
2782,0.01260436368334947,0.10125296270110512
2783,0.01260429788808661,0.10125295328198113
2784,0.0126037582748909,0.10125242893609723
2785,0.01259547264077045,0.10125042452674596
2786,0.0125918366714906,0.10124942565823468
2787,0.01258905111296423,0.10124866503859926
2788,0.01258061726337293,0.10124876422079503
2789,0.01256625470540247,0.10124220191365149
2790,0.01256157135145451,0.10123854684291468
2791,0.01254868142960922,0.10123666918201611
2792,0.01253060206478357,0.10123298569938033
2793,0.0125269542988172,0.10123322777084484
2794,0.01251330810204618,0.10122811169338211
2795,0.01250302363065224,0.10122492126174291
2796,0.01249674816646382,0.10122398076525663
2797,0.012493652626977,0.10122173207062338
2798,0.01249319757062766,0.10122162266289512
2799,0.01248111011485724,0.10121907706341501
2800,0.01248107285515014,0.10121903086705658
2801,0.01247602653905172,0.10121759244100102
2802,0.01247130143871559,0.10121641233348998
2803,0.01246491620935842,0.10121354801104689
2804,0.01245885893558149,0.10121422937847052
2805,0.01245145681230296,0.10121344510454601
2806,0.01244207234890094,0.1012092441875638
2807,0.01242445899605964,0.10120795146072405
2808,0.01241861582464929,0.1012012717221086
2809,0.01241184863263486,0.10120067683054318
2810,0.01239586312308818,0.10119576357122041
2811,0.01239179595450839,0.10119495628432247
2812,0.01239051406180126,0.10119403055334819
2813,0.01238508299214187,0.10119321552877374
2814,0.01238201754750796,0.10119246630938038
2815,0.01237020153016619,0.10118516765902047
2816,0.01236548266217722,0.10118466220022218
2817,0.01235636216912252,0.10118507992882103
2818,0.01235089899904301,0.10118431819685932
2819,0.01233873259179207,0.10118711726378736
2820,0.01233288595798552,0.10118528713840298
2821,0.01233224600897685,0.10118510284521069
2822,0.01232822278155107,0.10118478854267518
2823,0.01232811822413451,0.10118509350086143
2824,0.01232808268826962,0.10118509353179087
2825,0.01232744522394066,0.10118510699992864
2826,0.01232735003607168,0.10118501456895279
2827,0.01232679933592558,0.1011845797275231
2828,0.01232676511333707,0.10118458237625275
2829,0.01231991948895863,0.10117869856941285
2830,0.01231938086414973,0.10117991162032822
2831,0.01231930184963616,0.10117984270075431
2832,0.0123192693097557,0.10117983965210448
2833,0.01231923677527245,0.1011798381770875
2834,0.01231920483438281,0.10117983742944404
2835,0.01231906302921659,0.10118003037366695
2836,0.01231903166812748,0.10118003026926775
2837,0.0123160891431464,0.10118524186283298
2838,0.01230815042174263,0.10118369967912708
2839,0.01229427571842608,0.1011765808092996
2840,0.01228668022413256,0.10117231005396929
2841,0.0122750208098077,0.10116835048196948
2842,0.01227493197073082,0.10116819177395857
2843,0.01226062046074509,0.1011664757889024
2844,0.0122603677960412,0.10116647432430782
2845,0.01225828766433795,0.1011660746400386
2846,0.01225728694446267,0.10116664841625499
2847,0.01224931976294599,0.10116297659244051
2848,0.01224925423529846,0.10116290209781417
2849,0.01224922177523029,0.10116290309305413
2850,0.01224379034985432,0.10115457009229895
2851,0.01224206757639545,0.10115327514157564
2852,0.01224203598766536,0.1011532725926425
2853,0.0122410356249814,0.10115346450500602
2854,0.0122387328451412,0.10115466322594095
2855,0.01223665377779804,0.10115380628719879
2856,0.01223656489951266,0.10115397303931442
2857,0.01223466182646064,0.10115234813816042
2858,0.01223116562795459,0.1011541134541224
2859,0.01222487963688427,0.10115334759582299
2860,0.01221889265417385,0.10115130640873399
2861,0.01221856359638067,0.1011499685495572
2862,0.01221333637590687,0.10115524479392324
2863,0.01219905328858194,0.10114996619676751
2864,0.01219096948841768,0.10115002967438907
2865,0.01218354716610136,0.10115099734364398
2866,0.01217876662645587,0.10114943653775539
2867,0.01217508278388827,0.10115124354026145
2868,0.01216873983571485,0.10114870082721948
2869,0.0121568268741682,0.10114696820139105
2870,0.01215084146418443,0.10114215219265982
2871,0.01213975695460772,0.10113963990508576
2872,0.01213506667250227,0.10113651608466948
2873,0.01212858415025794,0.10113369206989872
2874,0.01212546763529399,0.10113322086901785
2875,0.01212293257417316,0.10113356026028586
2876,0.01211953892601105,0.10113258527869456
2877,0.01211230760105335,0.1011289270905211
2878,0.0121098703584474,0.10112690872251016
2879,0.01209833237347881,0.10112106889524303
2880,0.01208946994380361,0.10112127579277219
2881,0.01208227864381968,0.10111639557789709
2882,0.01207169378795715,0.10111465323699477
2883,0.01206875851031263,0.10111286420011807
2884,0.01206627715735932,0.10111157839650307
2885,0.0120618242033877,0.10110999955568764
2886,0.01205683741554415,0.10110888717497651
2887,0.0120546084992826,0.10110894307616683
2888,0.01205253557538339,0.10110866630328195
2889,0.01204327418766232,0.1011035395388333
2890,0.01203092571898972,0.10110239702237872
2891,0.01202857571482278,0.10110208747246761
2892,0.01202131948937057,0.10109939626858329
2893,0.01201633312270675,0.10109680756880435
2894,0.0120151094459689,0.10109685977128924
2895,0.01201505771959336,0.10109684494791446
2896,0.01201464619002246,0.10109736124154006
2897,0.01200904402369388,0.10109513931843105
2898,0.01199848575477498,0.10109097830487994
2899,0.01199004176450402,0.10109010589860004
2900,0.01198461103345565,0.1010873015113475
2901,0.01198457677564664,0.10108730219531936
2902,0.01198454210675786,0.10108729918523635
2903,0.01198445406751644,0.10108737276872488
2904,0.01198062821172387,0.10108387902010457
2905,0.01197089122066186,0.1010797675294336
2906,0.01196354164592661,0.10107523488332557
2907,0.01195417548981008,0.1010721901260563
2908,0.0119451378009567,0.10107121735302538
2909,0.01193652502223282,0.10106825056060474
2910,0.0119319360373443,0.10106845037660021
2911,0.01192504835110248,0.10106217363073985
2912,0.01191639454808793,0.10106014857682427
2913,0.0119092041529768,0.10105799918999434
2914,0.01190371780908789,0.10105791462068464
2915,0.01189897847905159,0.10105591189718284
2916,0.01189368290137933,0.10105214338844017
2917,0.01189097041973282,0.1010516163062523
2918,0.0118906539587008,0.10105150684380489
2919,0.01188937779562976,0.10105118359502821
2920,0.01187959845068056,0.10104770979622724
2921,0.01187103078039013,0.10104522548780007
2922,0.01185600908532521,0.10104691971457769
2923,0.0118491299401435,0.10104154977589794
2924,0.01184438762914884,0.10103819200449407
2925,0.01183978237507161,0.10103816349453532
2926,0.01183312863506779,0.10102930370514637
2927,0.01182827376504016,0.10102832651330386
2928,0.01182072792445716,0.10102679730833926
2929,0.01181320673825949,0.10102573379215071
2930,0.01180681015625153,0.10102592136386386
2931,0.01180436575909624,0.10102455126517357
2932,0.01180102017618399,0.10101893885106801
2933,0.01179000787589984,0.10101531740961749
2934,0.01178942322767081,0.10101506550312976
2935,0.0117848337633002,0.10101434690413985
2936,0.01178480013283714,0.10101426425022662
2937,0.01178464336891001,0.10101439930497734
2938,0.01178461131906159,0.10101439855034035
2939,0.01178458047648533,0.10101439539737786
2940,0.01178455054565418,0.10101439337373921
2941,0.01178173576147416,0.10101053864739444
2942,0.0117728285309743,0.1010061832131761
2943,0.01176323097625074,0.10100228985240393
2944,0.011759896404682,0.10100304809190774
2945,0.01175541594716645,0.10100249944688894
2946,0.01175352217813164,0.1010020968047096
2947,0.01174374720805076,0.10099748131787263
2948,0.01174205732864391,0.10099744115486067
2949,0.01174188029816575,0.10099744089608675
2950,0.01174157956943895,0.10099786343123185
2951,0.01174154956152159,0.10099785017156895
2952,0.01174015213479453,0.10099778930606584
2953,0.01173958034601833,0.10099756911503863
2954,0.01173930241025559,0.10099762024618437
2955,0.01173146563497177,0.1009940757097553
2956,0.01171868415839426,0.10098699239320379
2957,0.01171489221504154,0.10098468511584456
2958,0.01171306850042483,0.10098457947663449
2959,0.01171205789517628,0.10098347748052912
2960,0.011712029214242,0.1009834772786985
2961,0.01170989957457463,0.10098216751358896
2962,0.01170445868200993,0.10098110012444357
2963,0.01169821488406034,0.10097779081261682
2964,0.01168873739625242,0.10097652512136787
2965,0.0116747882715094,0.10096538198985687
2966,0.01167159627176739,0.1009659997212727
2967,0.01166264015156376,0.10096497561141365
2968,0.01165682901046247,0.10095908042649131
2969,0.011650851196328,0.10095585367064606
2970,0.01164514453956185,0.10095274909233641
2971,0.0116361624354388,0.10094931543892294
2972,0.01162952174879996,0.10094753075784751
2973,0.01161800106406575,0.10094407326657957
2974,0.01161250245328647,0.10094075958307645
2975,0.01160574824443577,0.1009379523441626
2976,0.0116022857241357,0.10093722935736915
2977,0.01158241658148506,0.10092794128534797
2978,0.0115789884355532,0.10092712479962623
2979,0.01157833063120754,0.10092690432178092
2980,0.01157302043408842,0.10092490250151338
2981,0.01156457684536331,0.10091860894609268
2982,0.01155317824329149,0.10091069889158813
2983,0.01154497897075007,0.10090850639640246
2984,0.01153630983928197,0.10090824115124283
2985,0.01152947910158624,0.10090506077871227
2986,0.01151832178523382,0.1009048625116516
2987,0.01150944080819294,0.10090348483731935
2988,0.01149935636085294,0.1009036176580131
2989,0.01149513464801718,0.10089730870235165
2990,0.01148594681938518,0.10089327258527418
2991,0.01148419965676131,0.10089217088480393
2992,0.01148030877648869,0.10089038098071537
2993,0.01146932281580427,0.1008905629966251
2994,0.01146641907761582,0.10088929736672397
2995,0.0114621182764966,0.10088906025616837
2996,0.01145675132775723,0.10088759983057409
2997,0.01145403697229774,0.10088689526324306
2998,0.01145338300674883,0.10088720246059499
2999,0.01145118767589742,0.100884312572619
3000,0.01145031149567483,0.10088414366789915
3001,0.01144946167886465,0.10088478401838298
3002,0.01143959348993391,0.10088147218149751
3003,0.01143823403449575,0.10088124502032929
3004,0.0114374875353127,0.1008808271476345
3005,0.01143743698076587,0.10088082328322705
3006,0.01142707936513467,0.10088130528729945
3007,0.01141690441613943,0.10088325908645106
3008,0.0114154188865389,0.10088243234687286
3009,0.01141538706452106,0.10088246343381253
3010,0.01141535647597593,0.10088246294290446
3011,0.01141532711406361,0.10088242268693899
3012,0.01141484419023026,0.10088219853750562
3013,0.01140685145902922,0.10088011602688
3014,0.01139709038897594,0.10088000698317173
3015,0.01139645179817562,0.10088061174732081
3016,0.01138488098320532,0.10087981934845573
3017,0.01137618862688685,0.10087796851288487
3018,0.01137151060063188,0.10087809151858027
3019,0.01136928375577544,0.10087841357766428
3020,0.01136833958498384,0.10087883002495393
3021,0.01136828151124705,0.10087871043336938
3022,0.01136825094574721,0.10087871335635275
3023,0.01136527816529752,0.10088050056870299
3024,0.01136524795909344,0.10088049710001286
3025,0.01136521919794349,0.10088049228993419
3026,0.01136519028705144,0.10088048876077119
3027,0.01136516200787529,0.10088048874735607
3028,0.01136513400423539,0.10088048673891047
3029,0.01136394512937709,0.10087992644555449
3030,0.01136391810226312,0.1008799515449308
3031,0.0113636555443648,0.10087969111647342
3032,0.01135711905621387,0.10087838707702836
3033,0.01134705456481788,0.10087621647910976
3034,0.01133900944792566,0.1008734690900484
3035,0.0113361672127804,0.10087813754780353
3036,0.01133609572451445,0.10087826176772186
3037,0.01133446073427677,0.10087797057179704
3038,0.01133145803343146,0.10087756134343034
3039,0.01133110630704216,0.10087709204505074
3040,0.01132563089567329,0.10087661682328912
3041,0.01132545787452318,0.10087627226571874
3042,0.01132502105176849,0.10087564199726196
3043,0.01132080701342562,0.10087587970859113
3044,0.01131647066703538,0.10087427040685275
3045,0.01131394628928697,0.10087406098966445
3046,0.01130929835142725,0.10087391853300241
3047,0.01130373481752558,0.10087367842684798
3048,0.01129963125110818,0.10087151293888286
3049,0.01129286619958926,0.10087003383110069
3050,0.01129283833191091,0.10087006117766553
3051,0.01128838167970508,0.10086787441189575
3052,0.0112878162422188,0.10086722388782213
3053,0.01128753518149258,0.10086778843719002
3054,0.01128402335563681,0.10086682732298852
3055,0.01128216532176805,0.1008649141626487
3056,0.01128178427533359,0.10086467697448416
3057,0.01128175718034512,0.10086467704402652
3058,0.01128173097230141,0.10086468012506168
3059,0.01128170543964818,0.10086468100265651
3060,0.01128163704379908,0.10086469048461967
3061,0.01127953288433475,0.10086233877733171
3062,0.0112767906461105,0.10085861591984713
3063,0.01127090947960475,0.10085918724032507
3064,0.01126322244580686,0.10085704711491636
3065,0.01125604777578226,0.10085449506050029
3066,0.01124500291444722,0.10085304348244199
3067,0.01123599295952232,0.10085128498188685
3068,0.01123254028143964,0.10085206013349358
3069,0.01122336435315747,0.10084750683630671
3070,0.01121959777811023,0.10084489726821978
3071,0.01121454080799789,0.1008441664982751
3072,0.01120796560191032,0.10084355978639944
3073,0.01119731628053048,0.10084066800191091
3074,0.01119409023212508,0.10083949663804007
3075,0.01119037680164886,0.10083800235645651
3076,0.01118133777478791,0.10083513745029721
3077,0.01117931302744027,0.10083543412398338
3078,0.01117898713975322,0.10083499302817935
3079,0.01117889196546674,0.10083497137750691
3080,0.0111767397258724,0.1008349127279469
3081,0.01117652133063975,0.1008351360807102
3082,0.01117649223556216,0.10083513584451792
3083,0.01117637903968857,0.10083512531709396
3084,0.01117173353033766,0.10083386960728266
3085,0.0111692204380338,0.10083456285199258
3086,0.01114996333960289,0.10083128336421153
3087,0.01114512036703329,0.10083035945326703
3088,0.01114123093034165,0.10082986775114287
3089,0.01113437277527053,0.10082622432009111
3090,0.01112227540377314,0.10081793647902575
3091,0.01110923563093344,0.10080980727943308
3092,0.01109538531850311,0.10080515526674605
3093,0.0110908822142669,0.10080477803440477
3094,0.01108845527479234,0.10080249433511577
3095,0.01107932208402586,0.10079598060391044
3096,0.01107365843888244,0.10079072019230167
3097,0.0110723554210105,0.1007908114172962
3098,0.01107232345595464,0.10079081060454977
3099,0.01106610756959327,0.10079176524747194
3100,0.01106184261070142,0.10079139131796977
3101,0.01105369618425635,0.10079035003429135
3102,0.01105157932640456,0.1007899008199562
3103,0.01104936831740421,0.10079015119829256
3104,0.0110448006752342,0.10078700513902292
3105,0.01104004226962705,0.10078622139523646
3106,0.01103661800890783,0.10078605125626801
3107,0.01103652760922438,0.10078570327064962
3108,0.01103362453755489,0.10078498515753671
3109,0.01103359278268124,0.10078498516451351
3110,0.01102720478443319,0.10078530007572013
3111,0.0110271737809077,0.10078529601128959
3112,0.01102714520150826,0.10078530033559856
3113,0.01102352927108081,0.10078400836559279
3114,0.01101917281991966,0.10078404792118771
3115,0.01101721294324548,0.10078434391870393
3116,0.01100587976315276,0.10078047265503665
3117,0.01099097359494814,0.10077322981397951
3118,0.01098885354747138,0.1007716877008377
3119,0.01098261418308435,0.1007728471514797
3120,0.01098078644219518,0.10077301669197244
3121,0.01098068550617853,0.10077320890041501
3122,0.01097654571354026,0.10077251943722722
3123,0.01097323586899669,0.10077022932561173
3124,0.01097013631661281,0.10076929153292923
3125,0.01097010871652778,0.10076928901782645
3126,0.01096857386590612,0.10076893944569881
3127,0.01096449433024891,0.10076726129650854
3128,0.01095580674861546,0.10076680363370837
3129,0.0109509864518463,0.100766022008951
3130,0.01094357750038449,0.10076525919131055
3131,0.0109316711736832,0.10076432822854167
3132,0.01092643520764203,0.10076340573828202
3133,0.01092038573795689,0.10076176758909675
3134,0.01090806389963716,0.10076104872073027
3135,0.01089635259482696,0.10076053291003668
3136,0.01088357068535619,0.10075228510746718
3137,0.01088297059752235,0.10075172331603262
3138,0.01087977626577087,0.10075032233443511
3139,0.0108760045012366,0.10075289024023676
3140,0.01087594979909795,0.10075281575785867
3141,0.01087553084302779,0.10075290245151286
3142,0.01087550456091615,0.10075289757807966
3143,0.01087547761530103,0.10075289413982054
3144,0.01086534905172185,0.1007486254759957
3145,0.01086526887689149,0.10074892965580175
3146,0.01086519925802426,0.10074896363508523
3147,0.01086517388445651,0.10074896341579345
3148,0.01086514921217876,0.10074896596044862
3149,0.01086512437938423,0.10074896363092106
3150,0.01086506330125016,0.1007490042756152
3151,0.01085893689104866,0.10074881399960468
3152,0.01085891350778966,0.10074881153061553
3153,0.01085746036647348,0.10074845615227176
3154,0.01085689038068803,0.10074805251228139
3155,0.01085490457285434,0.10074771693560072
3156,0.01085035353348482,0.10074645177796344
3157,0.01085029982290002,0.10074644706344303
3158,0.01084925941256393,0.10074777730433869
3159,0.01084842388617798,0.10074708473049605
3160,0.01084510321993527,0.10074645476059592
3161,0.01084378723050571,0.10074604532419823
3162,0.01083689101026913,0.10074695529608582
3163,0.01083217091634908,0.10074533972637892
3164,0.01082852688383982,0.10074794851036879
3165,0.01082401008070917,0.10074658135340492
3166,0.01081804593980174,0.10074479426219776
3167,0.01081579408341014,0.10074424851763415
3168,0.01081377671063976,0.10074322393418224
3169,0.01079660423587103,0.10074295883535019
3170,0.01079108539462554,0.10074312224515165
3171,0.01078498106039324,0.10073990064112955
3172,0.01077879820450943,0.10073834287692367
3173,0.01077512445703705,0.1007335809291976
3174,0.01077435630490941,0.10073367265326416
3175,0.01077432953688517,0.10073367043216419
3176,0.01076585945748229,0.1007317081376313
3177,0.01076130059724578,0.10073078516913957
3178,0.0107536977358969,0.10073084549416543
3179,0.01074592919890152,0.10072521405028492
3180,0.01073565132330566,0.10072530146440381
3181,0.01072889872410717,0.10072575453010355
3182,0.01072856450787276,0.10072581200036938
3183,0.01072220725296345,0.10072127567830556
3184,0.01071669332998851,0.10071753638199608
3185,0.01071073289017264,0.1007202388978644
3186,0.01070814420571054,0.10071924974593402
3187,0.01069808866616645,0.10071855532571956
3188,0.01068847904865651,0.10071480503900115
3189,0.01068247892009791,0.10071323085546484
3190,0.01067771608121027,0.10071010965585704
3191,0.01067204562107138,0.10071191822190625
3192,0.0106579232130079,0.10071013502968393
3193,0.01065146731580189,0.10070901190214802
3194,0.01064586886638735,0.10070932267886369
3195,0.01064050771731766,0.1007091897248089
3196,0.01064044004655371,0.10070924944299695
3197,0.01062573885216357,0.10070638881575798
3198,0.01062372433686353,0.10070491279269154
3199,0.01062267763972197,0.10070502249821829
3200,0.01061825588125549,0.10070397696177713
3201,0.0106177970981407,0.10070379346898192
3202,0.01061518423839063,0.10070410091175698
3203,0.01060887008744927,0.10070038149466651
3204,0.01059520039585047,0.10070226599768572
3205,0.01058566810285151,0.10070192237548098
3206,0.01057680486453677,0.10070271625153261
3207,0.01057648953685685,0.10070271334920307
3208,0.01057425584839985,0.10070221163371307
3209,0.01056957514986777,0.10070128652049852
3210,0.01056250930506413,0.1006981773086797
3211,0.01055594127461221,0.10069543401957089
3212,0.01055203101937219,0.10069508975804796
3213,0.01055196052166875,0.10069492598970098
3214,0.01054893881554317,0.10069475379305319
3215,0.01053507230562889,0.10069058120745634
3216,0.01052595526425349,0.1006891359135157
3217,0.01052355491364441,0.10068882394534644
3218,0.01051451367396323,0.100686421797988
3219,0.01050860738463649,0.10068439771164095
3220,0.01050225131605237,0.10068097646894279
3221,0.01049622632146513,0.10067643742667692
3222,0.01049581115141504,0.10067650585624485
3223,0.01049020037494731,0.10067542590566445
3224,0.0104901731880882,0.10067542591612508
3225,0.01049011291688585,0.10067549230505757
3226,0.01048507850693346,0.10067462169568425
3227,0.01048464483847412,0.10067455753868687
3228,0.01048362514156505,0.10067411282882521
3229,0.01048360015322556,0.10067411612382206
3230,0.01048326785706659,0.100674467335939
3231,0.01047071921715197,0.10067456049339005
3232,0.01046638381522924,0.10067471984981957
3233,0.01045811133237777,0.10066949399047274
3234,0.01045132997527508,0.10066866228099561
3235,0.01044128298679735,0.10066582895433718
3236,0.0104375654677073,0.10066559851978212
3237,0.01043009691632414,0.10065975844826996
3238,0.01042108875238989,0.10065765333398484
3239,0.01041899951912712,0.1006572583673056
3240,0.01041587166315186,0.10065578820838086
3241,0.01040937161132987,0.10065440788077064
3242,0.01040325072538685,0.1006530515742613
3243,0.01038843986899813,0.10063885349449274
3244,0.01038676157214432,0.10063813712908577
3245,0.01038621389011872,0.10063768748471977
3246,0.01038387292383302,0.10063599239530659
3247,0.0103810627852302,0.10063442752039452
3248,0.01037849449522031,0.1006339859607885
3249,0.01037791565649025,0.10063415785133108
3250,0.01037238879052066,0.100631550875266
3251,0.01036250026100292,0.10063172525123332
3252,0.01035204317269244,0.10062761655829137
3253,0.01034797522291258,0.10062658938017084
3254,0.01034356665175225,0.10062504187206568
3255,0.01033918547512268,0.10062441371138334
3256,0.01033229006812965,0.10062432531576475
3257,0.01032967844929601,0.10062310070950976
3258,0.01032965141061746,0.10062309961467313
3259,0.01031836822474904,0.10062009754794096
3260,0.01031680179964863,0.10061960431242134
3261,0.01031675743783389,0.10061955747287317
3262,0.01031673294466329,0.10061956078868341
3263,0.01031670820053598,0.10061954736093719
3264,0.01031668440948146,0.10061954674289444
3265,0.01031584733520767,0.100619902296321
3266,0.01031574316497902,0.10061956674459681
3267,0.01031572088981697,0.1006195801536628
3268,0.01031556952455921,0.1006193208653491
3269,0.01031488997961532,0.1006195205136734
3270,0.01031073859156474,0.1006182306106708
3271,0.01030641597800848,0.1006177184197508
3272,0.01030084907511704,0.10061638186007679
3273,0.0102973914242695,0.10061711289180222
3274,0.01029146613343605,0.10061551601637658
3275,0.01029043348273605,0.10061508506418954
3276,0.01028624168936168,0.10061372277569153
3277,0.01028532225419245,0.1006138918310838
3278,0.01028078420153429,0.1006119239997085
3279,0.01027969311465161,0.10061196840750529
3280,0.01027932328437232,0.10061198009610219
3281,0.01027704435513004,0.10061150007348307
3282,0.01026499759222055,0.10059810863309185
3283,0.01025733950165911,0.10059436156996635
3284,0.01025447877829106,0.10059356274834708
3285,0.01025195802779805,0.10059396351918551
3286,0.01025146613443358,0.10059385354881005
3287,0.01024970396830532,0.10059276855712165
3288,0.01024968139596515,0.10059280309963493
3289,0.0102496599785421,0.10059280481039055
3290,0.01024920503903718,0.10059235261415747
3291,0.01024779448584471,0.10059235404160195
3292,0.01024731911876722,0.10059187300154825
3293,0.01024539212488478,0.10059251225466313
3294,0.01024534133474571,0.10059260401116235
3295,0.01024503117481308,0.1005925383511108
3296,0.01024437254020544,0.10059326636817685
3297,0.01024220887788539,0.10059374280312018
3298,0.01023607151908302,0.10059175054425967
3299,0.01022826050821614,0.10059293870266943
3300,0.01022601070998737,0.10059338201779391
3301,0.01022160497442988,0.10059263017851981
3302,0.01021496004757089,0.10059082404937397
3303,0.01020847503751829,0.10059054765468023
3304,0.01020836161403331,0.10059025199151427
3305,0.01020833897248871,0.10059024121116486
3306,0.01020418032659843,0.10058919688641027
3307,0.01019481372560749,0.10058688529323509
3308,0.01018732718077336,0.10058645773478579
3309,0.0101814299208262,0.10058634539278001
3310,0.01017309833055007,0.10058471737066736
3311,0.01017020943913043,0.10058338298404307
3312,0.01016520359788327,0.10058277059688002
3313,0.01015791468267581,0.1005807104016216
3314,0.01015042883763246,0.10057671332781794
3315,0.01014442817791528,0.10057580935371457
3316,0.01013564501059697,0.10057198956489903
3317,0.01013330350218425,0.10057264432153042
3318,0.01013232863812278,0.10057275610482873
3319,0.01012182263315716,0.10057122451279467
3320,0.01011988078696856,0.10057028524713946
3321,0.01011980674960863,0.10057008297385157
3322,0.01011956585366896,0.1005700594006813
3323,0.01011526784906164,0.1005715682148862
3324,0.01011191702436296,0.10057056164372283
3325,0.01010846859479314,0.1005693094324827
3326,0.01009886526905356,0.10057088473137071
3327,0.01009608161943935,0.10056978436546134
3328,0.01009443585464871,0.10056943451885492
3329,0.01009441295356794,0.10056943049503349
3330,0.01009272329791173,0.10056963281698685
3331,0.01009060911815439,0.1005687861275301
3332,0.01008756520487701,0.10056783414402404
3333,0.01008754396290607,0.1005677741583189
3334,0.0100875226330415,0.10056777304310914
3335,0.0100862107461353,0.10056727383930016
3336,0.01007491222624739,0.10055914928648405
3337,0.01005970058124587,0.10055120204989546
3338,0.01005490076758038,0.10055026363980918
3339,0.01004169105107584,0.10054813069105493
3340,0.01003415293712921,0.10054805707850482
3341,0.0100231450072822,0.1005451769337307
3342,0.01001256502577419,0.10054354822738752
3343,0.01001026546965049,0.10054076064362698
3344,0.01001019956587953,0.10054078842234088
3345,0.01001006785736123,0.10054090870685388
3346,0.01000426746649688,0.10054005717533793
3347,0.01000292909234938,0.1005394120730333
3348,0.01000152759145962,0.1005381403427293
3349,0.01000131555437103,0.10053795267227691
3350,0.00999790374919968,0.1005373580644043
3351,0.00999297795606922,0.1005410369111168
3352,0.0099814272347627,0.10053891200710086
3353,0.00997921009760109,0.1005386084493502
3354,0.00997780698330492,0.10053841472889428
3355,0.00996441745256289,0.10053534104617504
3356,0.00995294432340182,0.10053141339921412
3357,0.00994738495692777,0.10053136774729
3358,0.00994548313361059,0.10053064189436914
3359,0.00993612387956708,0.1005283699842287
3360,0.00993324265319966,0.10052757685225132
3361,0.00992831489315744,0.1005227316512524
3362,0.00992623906272774,0.1005227274038539
3363,0.00992511354494649,0.100521661620312
3364,0.00992034184759051,0.10052029349322605
3365,0.00991993447193058,0.10052000966193447
3366,0.00991823703012203,0.10051928154765712
3367,0.00991717047994965,0.10051828234484497
3368,0.0099156955603361,0.10051816462168449
3369,0.00991100083839824,0.1005183643696168
3370,0.00991068869637502,0.10051823659439356
3371,0.00990687217328811,0.10051873743805323
3372,0.00990463654678121,0.10051744241257449
3373,0.00989760378797779,0.10051266305410247
3374,0.00989634945138472,0.10051258812323063
3375,0.00989621067912883,0.10051256242771031
3376,0.00989618637015782,0.10051256166670666
3377,0.00989468791559301,0.10051317106925195
3378,0.00989019809737472,0.10051310177410949
3379,0.00988597236301652,0.10051309133377298
3380,0.00987662543794547,0.10051397537700758
3381,0.00987251241490247,0.10051284215468309
3382,0.00986841004217924,0.10051164350598958
3383,0.00986104750926504,0.10050856828396612
3384,0.00985715437756358,0.10050763863277676
3385,0.00985713127741256,0.10050769851560377
3386,0.00985210058540666,0.10050731919410512
3387,0.00983946312246319,0.10050621841779026
3388,0.00983836538086792,0.10050597501585155
3389,0.0098294212525452,0.10050569121261
3390,0.0098268681853875,0.10050505475984213
3391,0.00981998356989089,0.10050275985586138
3392,0.00981928545345051,0.10050263446473114
3393,0.00981920180104811,0.1005026996089574
3394,0.00981703857584607,0.10049826091249979
3395,0.00981672044234361,0.10049850971172104
3396,0.00981360481858318,0.10049799011833387
3397,0.0098126910410096,0.1004973552700208
3398,0.00980800655367035,0.1004950087441352
3399,0.0098079854412125,0.1004950087069008
3400,0.00979696203886234,0.10049446502518569
3401,0.00978565122203763,0.10048902243429123
3402,0.00978069084850385,0.1004909670763384
3403,0.00977791135014995,0.10049091905028083
3404,0.00977460141293113,0.10048862406351153
3405,0.00977297261182011,0.10048741043769172
3406,0.00976604918135093,0.10048753909376916
3407,0.00976601101469149,0.10048756874703339
3408,0.0097642354159053,0.10048666161777964
3409,0.00975972800324157,0.10048651761755324
3410,0.00975719542587532,0.10048636421022179
3411,0.00975257140421211,0.10048636449846357
3412,0.00975151413440299,0.10048672051622014
3413,0.00975061877928144,0.10048753391548766
3414,0.00974675250087951,0.10048560858811441
3415,0.00974281904460457,0.10048489710845436
3416,0.00973869349969271,0.10048262838894989
3417,0.00973701716705275,0.10048222349453934
3418,0.00973697723228239,0.10048212499137095
3419,0.00973674482560666,0.10048184280718242
3420,0.00973329110554517,0.10048423487019077
3421,0.00973183504708306,0.10048365234057664
3422,0.00972876684269275,0.10048308844415588
3423,0.00972345438608858,0.10048227378493975
3424,0.00971442039848486,0.1004783062612175
3425,0.00970972915988802,0.10047863670838386
3426,0.00970215066075432,0.10047643988338392
3427,0.00968912537438246,0.1004734409821231
3428,0.00967841013476067,0.10047087770567621
3429,0.00966853191086894,0.10046721625342384
3430,0.00965896212207096,0.10046648343302157
3431,0.00965888881478298,0.1004663940756097
3432,0.00965638296553327,0.10046500120077143
3433,0.00965482387919935,0.10046262965019305
3434,0.00965447766850147,0.10046264154473886
3435,0.00965237978027672,0.10046201116397481
3436,0.00964984958447957,0.1004614386139735
3437,0.00964533435548801,0.10046120673989184
3438,0.00964204897776326,0.1004602452666694
3439,0.0096395593206994,0.10046063738946863
3440,0.009635055622746,0.10046067901945425
3441,0.00963023133921334,0.10045950693653868
3442,0.00962648207322429,0.10045852646484765
3443,0.00962589581322217,0.10045775306842417
3444,0.00962062453815233,0.10045706396150299
3445,0.00961538929499454,0.10045509986126469
3446,0.00961030923593726,0.10045525166498527
3447,0.00960842851378889,0.10045495329491405
3448,0.00960407662809165,0.10045167099369261
3449,0.00960395326356282,0.10045169063320909
3450,0.00960252916093037,0.10045111233301345
3451,0.00960084441262756,0.10045004118288678
3452,0.00960021397197424,0.10044982058755376
3453,0.00959956217772982,0.10045027785811934
3454,0.00959953938105668,0.10045027538023338
3455,0.00959511382849581,0.10045026938543457
3456,0.00959110958436505,0.10044808590396591
3457,0.00959040558180026,0.10044815529127127
3458,0.00957829076606559,0.10044240393365608
3459,0.00957566186325954,0.10044354501579576
3460,0.00957526032876534,0.10044351537423542
3461,0.00957426436506461,0.10044328101793484
3462,0.00956502500755022,0.10043650924375282
3463,0.00956445887090585,0.10043663255321478
3464,0.0095598506900456,0.10043570148462282
3465,0.00955463734806325,0.10043669701558203
3466,0.00954718436020027,0.10043652251630783
3467,0.00954493116927584,0.10043577479142915
3468,0.00954113677409208,0.10043528722274411
3469,0.00952984734181207,0.10043264801133835
3470,0.0095263080121314,0.10043289776451132
3471,0.00951701931630443,0.10043389475419659
3472,0.00950859177459168,0.10043714477070012
3473,0.00950436050290886,0.1004372713054883
3474,0.00949933221053163,0.10043545315243077
3475,0.0094912716680816,0.10043607511027143
3476,0.0094847259050093,0.1004338789247476
3477,0.00948442715861098,0.10043379338882485
3478,0.00947376345312846,0.10043319295478192
3479,0.00946915163524479,0.10043201635273462
3480,0.00946288494200073,0.10043115916731592
3481,0.00945476700770576,0.10043278808493081
3482,0.00944738010262166,0.10043174558311588
3483,0.00944353875617329,0.10042734649683883
3484,0.00943651709023289,0.10042879118926673
3485,0.00943345642820715,0.10042694276730607
3486,0.00943008125181985,0.10042463313955641
3487,0.00943005636941314,0.10042463940320345
3488,0.00942445223736618,0.10042361867782515
3489,0.00942020292819797,0.10042339139934407
3490,0.0094114775694399,0.10042316012948278
3491,0.00940882242004141,0.10042173713238689
3492,0.00940879924098232,0.1004217371067893
3493,0.00940844523752613,0.10042152574105613
3494,0.00940471673116997,0.10041985921156692
3495,0.00939912162999249,0.10041999134694604
3496,0.00939615755057846,0.10041754525668943
3497,0.00939452216468237,0.10041743027229058
3498,0.00939317555173258,0.10041699463287337
3499,0.00938778974238036,0.10041671175678388
3500,0.00938362093692762,0.10041547693041683
3501,0.00938165349817869,0.10041454487646162
3502,0.00937915721198091,0.10041083652809349
3503,0.00937664322390189,0.10040804957531503
3504,0.00937550340231748,0.10040743117504164
3505,0.00937057565031603,0.10040635327594517
3506,0.00936756348352122,0.10040547379254522
3507,0.00936531912075647,0.10040303763954193
3508,0.00935979831565855,0.10040143206292747
3509,0.00935763311534055,0.10040232354172832
3510,0.00935742977153009,0.10040207976615834
3511,0.00935405476044235,0.10040018708932599
3512,0.0093522797098947,0.10039983597316865
3513,0.0093470811862224,0.10040089301503574
3514,0.0093468909465704,0.10040071891725177
3515,0.0093468683850011,0.10040071633310427
3516,0.00934270272752095,0.10039880639712884
3517,0.0093418718781599,0.10039865171664446
3518,0.00933375266437699,0.1003961011899244
3519,0.00932941021079569,0.10039376113267867
3520,0.00932605250781873,0.10039329735221371
3521,0.00932264638403934,0.10039281226427618
3522,0.0093211882157445,0.10039211320455123
3523,0.00931213400178243,0.10038866351627301
3524,0.00931007327576983,0.10038944928922836
3525,0.00930411377491477,0.10038795710603439
3526,0.00930098253910998,0.10038647573819018
3527,0.00929934222290029,0.10038652214636053
3528,0.00928711273893053,0.10038613086184488
3529,0.00928397120602847,0.10038599618822057
3530,0.00928291252604109,0.10038580611202837
3531,0.00928135914363854,0.10038576007907161
3532,0.00927982767872896,0.10038544143767418
3533,0.00927980522941196,0.10038544048815788
3534,0.00927978413625362,0.10038550490262357
3535,0.00927889336975304,0.10038528289287747
3536,0.00927803002544773,0.10038520373784947
3537,0.00927800941296371,0.10038517171216721
3538,0.00927798985155442,0.10038514612868661
3539,0.00927797038035113,0.1003851592481455
3540,0.0092778667501786,0.10038499356379027
3541,0.00927784660439065,0.10038499260776776
3542,0.00927782719640323,0.10038499260759794
3543,0.00927780803175011,0.10038499261575753
3544,0.00927326689564779,0.10038546066698854
3545,0.00927142306972617,0.10038520192364309
3546,0.00927056993976682,0.10038493156637508
3547,0.00927055054570757,0.10038493012437354
3548,0.0092689445556407,0.10038498176785385
3549,0.00926888336995159,0.10038488661031847
3550,0.00926873766916464,0.10038453884261195
3551,0.00926626145890108,0.10038112128911181
3552,0.0092662140899376,0.10038104382722532
3553,0.00926398730698186,0.10038094853025943
3554,0.00926184440289426,0.10038011269183199
3555,0.00925954304816358,0.10037786926697656
3556,0.0092588045387777,0.1003776879971547
3557,0.00925437860774892,0.10037609894186475
3558,0.00925196367167606,0.10037655674943204
3559,0.0092467789337686,0.1003757939075457
3560,0.00924520076500686,0.10037509178990296
3561,0.00924459152873077,0.10037543898268537
3562,0.00924139853594855,0.10037836849051865
3563,0.00924138062008025,0.10037840826732765
3564,0.00924136336586355,0.10037843360778079
3565,0.00924134533870029,0.10037843351822043
3566,0.00924132799159501,0.10037843356739479
3567,0.00924131000638276,0.10037842804294797
3568,0.00923945634397691,0.10037787881620035
3569,0.00923772445869472,0.10037776649589468
3570,0.00923268559016148,0.10037589322670495
3571,0.00922158758957699,0.10037558014401618
3572,0.00921811628387967,0.10037550650117379
3573,0.00920797370782661,0.10037606726652204
3574,0.00919858658608349,0.10037374714641197
3575,0.00919486245422161,0.100372385807645
3576,0.00919112647364179,0.10037142144503153
3577,0.00918684607083354,0.10037021184753464
3578,0.00918567943605501,0.10036842289051044
3579,0.00917684924298265,0.10036794849666109
3580,0.00917680745726254,0.10036796588869408
3581,0.00917646543369015,0.10036712186663473
3582,0.00917210634751385,0.10036392972851547
3583,0.00917093813401479,0.10036393244189952
3584,0.00917041108848823,0.1003640248157319
3585,0.0091670394982091,0.10036369938359482
3586,0.00916603841710525,0.10036370357684195
3587,0.00916543038261075,0.1003636576625904
3588,0.00916174878817622,0.10036435828868386
3589,0.00916056329700955,0.10036430813726256
3590,0.00915491429246166,0.10036002110636531
3591,0.00915319256909228,0.10035918091796985
3592,0.00914886436354128,0.10035578403510184
3593,0.00914884512183802,0.10035578149124239
3594,0.00914856759882649,0.10035584630598654
3595,0.00914601629127778,0.10035502292046859
3596,0.00913763892527552,0.10035072519904602
3597,0.00913418503987017,0.1003481829195039
3598,0.00913029721721532,0.1003477700713697
3599,0.00912725908129961,0.10034649835850809
3600,0.00912426655242504,0.10034314144767449
3601,0.00911881517182881,0.10034081130967981
3602,0.009113486966889,0.10033810470704896
3603,0.00910942706064249,0.10033102296638471
3604,0.00910259486268272,0.10033006466227687
3605,0.00909827987858324,0.10032545586493496
3606,0.00909399208280345,0.10032359877396867
3607,0.00908547979648365,0.10032715207035316
3608,0.00908310933142187,0.10032701806687432
3609,0.00907861456463748,0.10032652923723086
3610,0.00907429556158783,0.10032824963254026
3611,0.00906626560250292,0.1003308898044398
3612,0.00906416870154917,0.10033116611175527
3613,0.00906137268552731,0.10033035267980932
3614,0.00905735747217606,0.10032515788976236
3615,0.00905264832541514,0.10032523225826218
3616,0.00904988628728415,0.10032461664934204
3617,0.00904725771819951,0.10032445907215813
3618,0.00904723782971754,0.10032445903211633
3619,0.00904721898399928,0.10032445902910991
3620,0.00904651061087553,0.10032425867863252
3621,0.00904238964540495,0.1003229357749122
3622,0.0090381207813309,0.10032204466835223
3623,0.00903726803098883,0.10032165310638474
3624,0.00903409659932715,0.10032112717245355
3625,0.00902246933176083,0.10031970203000659
3626,0.00901718907735219,0.10032014414172538
3627,0.00901428274661279,0.10031955830861633
3628,0.00901367498150983,0.10031929732206872
3629,0.00900814354153934,0.10032334821887828
3630,0.00900185240080462,0.10032251891508379
3631,0.00899820120663085,0.1003221361157317
3632,0.0089908460328775,0.1003224436672887
3633,0.00898602443492035,0.10032044076341455
3634,0.00898155494256891,0.10032112404192385
3635,0.00897671994110617,0.10032100934010274
3636,0.0089744431305689,0.10032006880239551
3637,0.00896821886282013,0.10032124800355255
3638,0.00896742042218563,0.10032079308031325
3639,0.00896578190486482,0.10032050696600905
3640,0.00896412796661394,0.10032036899524666
3641,0.00896197072727894,0.1003191862945665
3642,0.00896195153449737,0.10031916778377122
3643,0.00896175801332681,0.1003192500162855
3644,0.00895958926845578,0.10031933647096014
3645,0.0089595511418955,0.10031920293685745
3646,0.00895296446426342,0.10031716602184798
3647,0.00894962080283542,0.10031588675896595
3648,0.00894537329773904,0.1003164496253324
3649,0.00894079336446409,0.10031761624746571
3650,0.00893973878352518,0.1003166404663716
3651,0.00893348180012806,0.10031399940391705
3652,0.00893346324549255,0.10031403452713808
3653,0.00893229663476471,0.10031402814878403
3654,0.00892538162134627,0.10031252204730111
3655,0.00891704233324733,0.1003090389383164
3656,0.00891407532361123,0.10031171665027509
3657,0.0089111687894212,0.10031073231513642
3658,0.00890490518490289,0.10030647459428337
3659,0.0089032004288324,0.10030597022506528
3660,0.00890260611314795,0.10030603939115859
3661,0.00889622927185134,0.10030455911129108
3662,0.00888511742967039,0.10030254740733133
3663,0.0088813240136722,0.10030202835725081
3664,0.00887546270263444,0.1003018717849522
3665,0.00887182759603266,0.10029962661178056
3666,0.00887059948281463,0.10029907113013342
3667,0.00885594773730653,0.10029915789046734
3668,0.00884784464301843,0.10029524319600923
3669,0.00884198399027902,0.10029407202010797
3670,0.00883196319915479,0.10029289927890178
3671,0.00882872758748628,0.10029161260624424
3672,0.00881649802257098,0.10029058862157472
3673,0.00881194682120714,0.10029102443915511
3674,0.00880869045264495,0.10029171735172353
3675,0.00880808818803857,0.10029066202239494
3676,0.00880583590512315,0.10028963234976984
3677,0.00879776952934338,0.10028860133758684
3678,0.00879593476184766,0.10028770685837064
3679,0.00879404993163668,0.10028686787741686
3680,0.00879402878020679,0.10028690912582483
3681,0.00879366183051181,0.10028701888916647
3682,0.00879364263849327,0.10028702222550545
3683,0.00879198815242978,0.10028550505461735
3684,0.00878798307943004,0.10028569794793517
3685,0.00878452387389021,0.10028588141589588
3686,0.00878300465618623,0.10028600008118911
3687,0.00877850925265554,0.10028755613411719
3688,0.00877706413167298,0.10028587526663602
3689,0.00876985358566006,0.10028215334878963
3690,0.00876983342646406,0.1002821696480142
3691,0.00876805698287043,0.10028077812956593
3692,0.00876224217168752,0.100280264229886
3693,0.00875531968759373,0.10027833956848387
3694,0.00874486053376731,0.100278587398419
3695,0.00873801216997052,0.10027696182894051
3696,0.00872904687971037,0.10027269454106477
3697,0.00871864520005537,0.10027098449762716
3698,0.00871862458361263,0.10027098456627863
3699,0.00871772032027919,0.1002708188936888
3700,0.00871770106261389,0.10027081889384688
3701,0.00871768208775731,0.10027081809264127
3702,0.0087164549302151,0.10027245700215871
3703,0.00871643718256341,0.1002724600371562
3704,0.00871486915019436,0.10027301967027262
3705,0.00871385033996596,0.10027315213425622
3706,0.00871351008182027,0.10027290046986281
3707,0.00871349260271865,0.10027290109115124
3708,0.0087101310443561,0.10027257066660501
3709,0.00870482159498158,0.10027009289819465
3710,0.00870030700059179,0.10026917942393708
3711,0.00869115165055951,0.10026818632228944
3712,0.0086805375883217,0.10026413992019961
3713,0.00867231324689515,0.10026333738744948
3714,0.00866551121848305,0.10026188333437376
3715,0.00865851170833155,0.10025854455537368
3716,0.00865220726062691,0.10025753700854242
3717,0.0086493343479771,0.10025646550877218
3718,0.00864282921207104,0.10025806394682468
3719,0.00863881398035611,0.10025673554894665
3720,0.00863527237321291,0.10025760225698142
3721,0.0086316053461123,0.10025720204700958
3722,0.00862380779131788,0.10025939330660519
3723,0.00861579518394414,0.10025685466203853
3724,0.00861357778910073,0.10025663775643114
3725,0.00860670991234995,0.10025618125827743
3726,0.00860193094234458,0.10025543535265179
3727,0.00860125359000547,0.10025498811413722
3728,0.00860121874967375,0.10025491731008461
3729,0.00859839740979565,0.10025330496938877
3730,0.00859719314277474,0.10025303663423435
3731,0.0085937186112487,0.1002521275906676
3732,0.00859288903411401,0.1002517516660878
3733,0.00859140213299827,0.1002509468779289
3734,0.00858438309352599,0.10025021333362756
3735,0.00857567070924453,0.10024496387369275
3736,0.0085693004889388,0.10024571269487938
3737,0.00855794808627533,0.10024283585493739
3738,0.00855792782342376,0.10024283786350215
3739,0.00855694373911939,0.10024302660706313
3740,0.00855133338764995,0.10024126555189394
3741,0.00854131128558109,0.10023767460559468
3742,0.00854022158234582,0.10023781299445764
3743,0.00854020110774046,0.10023781200441138
3744,0.00854002432948597,0.10023794622044145
3745,0.00853811850004074,0.10023828687463726
3746,0.00853762884006944,0.10023819223233497
3747,0.00853761093923846,0.10023815041228507
3748,0.00853647345649555,0.10023808107495964
3749,0.00853645615629503,0.10023808195646856
3750,0.00853643884700792,0.10023808207490507
3751,0.00852888151409863,0.10023682747958758
3752,0.00852162897280763,0.10022986286971704
3753,0.00851482329870801,0.10022943886312509
3754,0.00850880556036181,0.10022807024827698
3755,0.0085030882473165,0.10022680934864085
3756,0.00849692391694248,0.10022521857218494
3757,0.0084921423708183,0.10022222019558322
3758,0.00848486101617457,0.10021983059240733
3759,0.00847655364203191,0.10022030354484632
3760,0.00847041803062068,0.10021875347939091
3761,0.00846347586159459,0.10022048351863387
3762,0.00845493663382839,0.1002191366962133
3763,0.00844955317194903,0.10021665629158032
3764,0.00844745939491592,0.10021710274198194
3765,0.0084460190190852,0.10021697268862748
3766,0.00844009892521925,0.10021449189011303
3767,0.00843793167967493,0.10021501498533264
3768,0.00843698131301788,0.10021407300886127
3769,0.00843647020947168,0.10021347487760196
3770,0.00843233668506323,0.10021258281558462
3771,0.00843138182155589,0.10021197244814592
3772,0.00842467134677945,0.10020825518210653
3773,0.00842370479079896,0.10020768683566426
3774,0.00842278292935334,0.10020765505675963
3775,0.00842091956778636,0.10020725765208158
3776,0.00841252350239512,0.10020241824196548
3777,0.00841159962652201,0.100201811448904
3778,0.00840537501802786,0.100199288611209
3779,0.00840312702576732,0.10019942433184802
3780,0.00839889774987483,0.10019567023572454
3781,0.00838969007430103,0.10019303481178625
3782,0.00838409151373816,0.10019231596652207
3783,0.0083840718796642,0.10019223941402398
3784,0.00838019726479956,0.10019165275202738
3785,0.00837959490495039,0.10019225106219135
3786,0.00837957611870378,0.10019227482757948
3787,0.00837108348807786,0.1001926933297469
3788,0.0083628224936868,0.10019103115091241
3789,0.00835461897114181,0.10019030417034487
3790,0.00834923323710372,0.10018966868509163
3791,0.00834721868551794,0.1001898065369852
3792,0.00834188979465642,0.10018889463466016
3793,0.00834185087440973,0.1001888479883887
3794,0.00834170259281701,0.10018865572926972
3795,0.00834121645583428,0.10018867976050828
3796,0.00834115081567347,0.10018867643018768
3797,0.00834113339597965,0.10018867642241155
3798,0.00834111630889935,0.10018871289564266
3799,0.00834074119376098,0.10018907449130426
3800,0.00833798343506605,0.10018441068493006
3801,0.00833498330490114,0.10018390535187786
3802,0.00833222065078656,0.10018190294354669
3803,0.00833171859977659,0.10018229807654612
3804,0.00833097873439008,0.1001827175717923
3805,0.00833069017893515,0.10018230899491136
3806,0.008329208766636,0.10018154981597192
3807,0.00832286225120087,0.10018077924288163
3808,0.00832282068062731,0.10018063286575024
3809,0.00832277124302202,0.10018072277940185
3810,0.00832240648955631,0.10018081290927341
3811,0.00832238953221775,0.10018081284654637
3812,0.0083222032614282,0.10018043811502204
3813,0.00832215927771653,0.10018037394640493
3814,0.00832214324355068,0.10018037424799374
3815,0.00832187784585451,0.10018039003013156
3816,0.0083218614469502,0.10018040961501712
3817,0.00832184627635934,0.10018040961416325
3818,0.00832163416616702,0.1001803036173386
3819,0.008321619174862,0.10018033862505246
3820,0.00832160422253973,0.1001803292618317
3821,0.00832157728931528,0.10018029318233745
3822,0.00832156306432881,0.10018029359660802
3823,0.00832149894927053,0.10018022740671213
3824,0.00832101031032357,0.10017913887620028
3825,0.00832098401443668,0.10017917127633777
3826,0.0083209700901229,0.1001791710987226
3827,0.00831983832185178,0.10017861407201532
3828,0.00831653503265606,0.10017523512924248
3829,0.00831652054916664,0.10017523603488578
3830,0.00831650576994216,0.1001752064498605
3831,0.00831649198098878,0.1001752068516064
3832,0.00831647851816572,0.10017520793944902
3833,0.00831646530677218,0.10017520882332111
3834,0.00831645204556705,0.10017520896476585
3835,0.00831643880997998,0.1001752059158708
3836,0.00831550986702395,0.10017518741854636
3837,0.00831433628762022,0.10017503636542958
3838,0.00830997251021987,0.1001738319131784
3839,0.00830843572718841,0.1001730441752063
3840,0.00830546711598825,0.10017289497837191
3841,0.00830422900215359,0.10017180718389376
3842,0.00830223510091041,0.10017156305286995
3843,0.0082928166576353,0.10016929845799943
3844,0.00828827297131284,0.10016747789032056
3845,0.00828189345768461,0.10016787587932371
3846,0.00827617460001064,0.10016432921873934
3847,0.00827228473026555,0.10016352473708745
3848,0.00826573272336451,0.10015823174990128
3849,0.00825898741672125,0.10015795657841511
3850,0.00825742552704959,0.10015753791955306
3851,0.00825287137331817,0.10015499971189158
3852,0.0082489233423372,0.10015427518683404
3853,0.00824276638795375,0.10015366533987363
3854,0.00824092834500546,0.10015365013183491
3855,0.00823628387327489,0.10015174093505799
3856,0.00823294153256352,0.10015078803504057
3857,0.00823155092695689,0.10015013021494501
3858,0.00822555072614224,0.10015030309090155
3859,0.00822388747649818,0.10015007142931097
3860,0.00822361289944852,0.10015035982875842
3861,0.00822154314050494,0.10015004285154468
3862,0.00821596678477149,0.10014947365877891
3863,0.00821477219614928,0.10014912350759389
3864,0.00821243836421454,0.10014802859668062
3865,0.00821147430841515,0.1001481052431745
3866,0.00821081437135622,0.10014806347153563
3867,0.00820448324050104,0.10014635602569244
3868,0.00820153101369151,0.10014628726731668
3869,0.00819939256113348,0.10014712322190497
3870,0.00819929248245501,0.10014727174618496
3871,0.00819854896130949,0.10014686520187485
3872,0.00819524459461267,0.10014569888030958
3873,0.00819366974885672,0.10014572559762348
3874,0.00819289774634047,0.10014526960662899
3875,0.00819173801830432,0.10014497518866505
3876,0.00819172309795571,0.10014497485931731
3877,0.00819170887718991,0.1001449771894097
3878,0.00819169486880865,0.10014497719160025
3879,0.00819078665276192,0.10014493519248913
3880,0.00818980371166467,0.10014456155788067
3881,0.00818626790258472,0.1001444053683877
3882,0.00818477792061445,0.10014418025995976
3883,0.00818074290011036,0.10014196388624982
3884,0.00817418100448935,0.10014285698438795
3885,0.00817309045498736,0.10014277869059066
3886,0.00817156539099794,0.10014260047622338
3887,0.00816834003553629,0.10014135358617875
3888,0.00816616548661389,0.10014238446396576
3889,0.0081661067165049,0.10014243372439288
3890,0.00816546946219295,0.10014205109946268
3891,0.0081641131208763,0.10014101560697648
3892,0.00816124285895875,0.10014021275620424
3893,0.00816122038274783,0.10014022989759504
3894,0.00816074358040509,0.1001399897245818
3895,0.00815915577761674,0.10013907122415332
3896,0.00815605088976053,0.10013880489272928
3897,0.00814641534665466,0.10013567827628539
3898,0.00814267795908228,0.1001327885413279
3899,0.00813768284750811,0.10013116321862918
3900,0.00813252940516905,0.10013011649331932
3901,0.00812894464273265,0.10012675128405836
3902,0.00812315168883136,0.1001231833365863
3903,0.00811706081231557,0.1001219014976356
3904,0.00811543139829295,0.10011909310037978
3905,0.00811512403646146,0.10011952886450026
3906,0.00811294553468374,0.10011899436615508
3907,0.00811206493124268,0.10011919751263322
3908,0.00810766189489548,0.10011801502836246
3909,0.00810454465164893,0.10011643210698071
3910,0.00810382709153732,0.10011609803571735
3911,0.00810381244768285,0.10011609915996608
3912,0.00809979411085703,0.10011369682423472
3913,0.00809751265208159,0.10011413171088941
3914,0.00809746423445216,0.10011401918072019
3915,0.00809353245053023,0.10011333847773565
3916,0.00808561119240766,0.10011081889394988
3917,0.00808093153657351,0.10010951884532193
3918,0.0080771290328577,0.10010690092992221
3919,0.00807658729303859,0.10010660639856926
3920,0.00807652920343029,0.10010673935061092
3921,0.00807602988066704,0.10010758557720985
3922,0.00807589629048216,0.1001076456128247
3923,0.00807091951240367,0.10010466334983878
3924,0.00806362119879583,0.10010408273040707
3925,0.0080606483572751,0.10010358328649546
3926,0.00805800862967041,0.10010316210632605
3927,0.00805539748364975,0.10010236008966368
3928,0.00805239568640577,0.10010216121683951
3929,0.00805030897909084,0.10010168709319286
3930,0.00804897875007344,0.10010126645394901
3931,0.00804691511045676,0.10010038673969372
3932,0.00804304524434775,0.10009940847479529
3933,0.0080376554707798,0.10009866564102045
3934,0.00803764105828906,0.10009865904510079
3935,0.00803762694863775,0.10009865899875496
3936,0.0080359737654878,0.10009792261803485
3937,0.00803321137462944,0.10009693610222488
3938,0.00802585296973602,0.1000922035354153
3939,0.00802438086555545,0.10009147645789626
3940,0.00802101823382512,0.10009134470174869
3941,0.00802076413076147,0.10009164027325555
3942,0.00801669397180582,0.10009103399355762
3943,0.00801320972752352,0.10009066558227456
3944,0.00801217289984726,0.10009027372109117
3945,0.00801140919649388,0.1000897574263437
3946,0.00801139522065874,0.10008975714748529
3947,0.00801134883635068,0.1000896594696566
3948,0.00801130988963644,0.10008955854862898
3949,0.00801109447585274,0.10008975333966962
3950,0.00801104552665676,0.100089778660641
3951,0.00800589989658668,0.10008782865166296
3952,0.00800582796419595,0.10008788234547716
3953,0.00800403699492691,0.10008747835302527
3954,0.00800070123236452,0.10008741376062917
3955,0.00799713271991413,0.10008707275168441
3956,0.00799148238399246,0.10008541388808974
3957,0.00799003405903594,0.1000848466013318
3958,0.00798865227654678,0.10008354834302492
3959,0.0079839810466712,0.10008244439671009
3960,0.00798327097596265,0.10008225126058987
3961,0.00798003669053557,0.10008086215759943
3962,0.00797866310098373,0.1000806140479831
3963,0.00797203551280454,0.10007976137053969
3964,0.00797012855530665,0.10007753869315555
3965,0.00796539110315832,0.10007972081898597
3966,0.00796338604483706,0.10007961102850169
3967,0.00795928041533125,0.1000782968552425
3968,0.00795492508517942,0.10007673271855548
3969,0.00795470583263586,0.10007674078861235
3970,0.00795161951229728,0.10007695119058041
3971,0.0079510879679446,0.10007639013261338
3972,0.00794886723440202,0.10007586860776302
3973,0.00794563383420755,0.10007464560250107
3974,0.00794388302649006,0.10007303640027952
3975,0.00794239318219542,0.10007313408164954
3976,0.00793675023866165,0.10007078331661455
3977,0.00793473858580012,0.10007049967815912
3978,0.00792872496522526,0.10007026110319245
3979,0.00792652680518588,0.10006821706969747
3980,0.00791844452611726,0.10006722301402657
3981,0.00791771337813121,0.1000671525124685
3982,0.00791184804235675,0.10006533505577499
3983,0.0079118340621177,0.10006532584107093
3984,0.00791116010430015,0.1000652211573623
3985,0.00791114719685392,0.1000652201681134
3986,0.00791113491421722,0.10006522000601159
3987,0.00790672849784575,0.10006397560897343
3988,0.0079040584784757,0.10006343448126229
3989,0.00789861980604195,0.10006363311162682
3990,0.00789042081669692,0.10006335821366866
3991,0.0078849747374891,0.1000612237139344
3992,0.00788335315250086,0.10006003544482414
3993,0.00788263299313294,0.10006030577064484
3994,0.00788145374368742,0.10005993405645083
3995,0.00788104288284389,0.10005970673207147
3996,0.00787917848541181,0.100059364850325
3997,0.00787916542041525,0.100059364852429
3998,0.00787851537763088,0.10005915024965861
3999,0.00787744781186163,0.10005897024576466
4000,0.00787454935491525,0.10005874064725534
4001,0.00787258746656729,0.10005829071879643
4002,0.00786721019003831,0.1000582367456695
4003,0.00786116709104694,0.10005655336682286
4004,0.00785663413821992,0.10005632056859061
4005,0.00785382684626379,0.10005530452660374
4006,0.00785173916205087,0.10005450634228141
4007,0.00784888351553034,0.10005352881466867
4008,0.0078402758465283,0.10005137481669235
4009,0.0078388232214486,0.10005084267754812
4010,0.00783846528176517,0.10005088846416552
4011,0.00783691132110044,0.10005041140160931
4012,0.00783689832613905,0.10005041141987096
4013,0.00783294595323992,0.10004909488222151
4014,0.00783122070095863,0.10004798015337008
4015,0.00782922085737658,0.10004748556530509
4016,0.00782709787105304,0.10004725165603333
4017,0.00782549614398239,0.10004663944100288
4018,0.00782397454639843,0.10004654036896812
4019,0.0078216410128185,0.10004639367646939
4020,0.00782126055972424,0.10004617414447255
4021,0.00781835028704819,0.10004460803820468
4022,0.00781754932381577,0.10004393332485344
4023,0.00781444317478196,0.1000432721826366
4024,0.00781342044787089,0.10004358306681034
4025,0.00781295319337412,0.10004382730803962
4026,0.00781090290046297,0.10004342734533764
4027,0.00780964525511155,0.10004418442936489
4028,0.0078073623022489,0.100042532466422
4029,0.0078047673520333,0.10004120026898945
4030,0.00780252997852819,0.10004008032534797
4031,0.00779773676073671,0.10003820005799223
4032,0.00779379426694065,0.10003801098140548
4033,0.00779266157918898,0.10003806310618495
4034,0.00778944913350745,0.10003719453598187
4035,0.00778782003530424,0.10003659796327077
4036,0.00778530009970266,0.10003522133455248
4037,0.00778153760413066,0.10003436086357677
4038,0.00777701540989602,0.10003126752865855
4039,0.00777554201594348,0.10003064756816431
4040,0.00777363518035268,0.10002993518517272
4041,0.00777267303034567,0.10003006489137199
4042,0.00776898443763442,0.10002890944000908
4043,0.00776519140177809,0.10002670037368938
4044,0.00776311098011788,0.10002657312169558
4045,0.00776309742012562,0.10002657634606965
4046,0.00776171842394249,0.10002599378019245
4047,0.00775793598015391,0.1000233034414661
4048,0.00775286086507151,0.10002179366174674
4049,0.00774734714677732,0.10002322119370319
4050,0.00774320073365956,0.1000207251190027
4051,0.00773982873492748,0.10002042382709435
4052,0.00773689417908227,0.10001941332018864
4053,0.00773595990912999,0.10001896054706891
4054,0.00773418444066575,0.10001834959293225
4055,0.00772881760265406,0.1000180216225641
4056,0.00772729352520121,0.1000171786267612
4057,0.00772663220831023,0.10001698080536515
4058,0.00772496719529866,0.10001633185700806
4059,0.00772097891964648,0.10001524570028848
4060,0.00772073650803281,0.10001598118600712
4061,0.00772043518985067,0.10001600792782864
4062,0.00771094266583668,0.10000433139075676
4063,0.00770542097792005,0.10000408020032188
4064,0.00770522660264308,0.10000379262278136
4065,0.00770090004206829,0.10000337172299098
4066,0.00769909931434787,0.1000043478895179
4067,0.00769002179191131,0.10000202304610477
4068,0.00768538906621684,0.10000083412727946
4069,0.00768308799939456,0.10000070229646803
4070,0.00767860609185014,0.09999969085739555
4071,0.00767505432785478,0.09999938265871007
4072,0.00767289880845646,0.09999946159637864
4073,0.00766983979414463,0.0999995383833415
4074,0.00766633932998583,0.10000036320917012
4075,0.00766035133614981,0.09999940082053842
4076,0.00765538011267495,0.09999862831879595
4077,0.00765045202103501,0.09999025369476042
4078,0.00764664276736076,0.09998991125376289
4079,0.00764079991666945,0.09998875052132937
4080,0.00763644580699046,0.09998808272553154
4081,0.00763189218230831,0.09998815495705449
4082,0.00762598872788252,0.0999868065152191
4083,0.00762180358867932,0.09998693815826627
4084,0.00761729558130071,0.09998202266670318
4085,0.00761240411665691,0.09998082043111124
4086,0.00760708667449322,0.09997691853709002
4087,0.00760326483308369,0.09997583239175363
4088,0.00759722929387016,0.09997171602698454
4089,0.00759253075352994,0.09997101323859885
4090,0.00758629407083229,0.09996947914131697
4091,0.00757954662265131,0.09996688668476138
4092,0.00757313427595833,0.09996597947093365
4093,0.0075715015031841,0.09996588023422057
4094,0.00757110773657331,0.09996538673920667
4095,0.00757065025904629,0.09996532719556228
4096,0.00756933692144462,0.0999651681475792
4097,0.00756653859529477,0.09996305591469601
4098,0.00756212697549487,0.0999620668761802
4099,0.00756211012623037,0.09996207447361098
4100,0.00756209403117302,0.09996207096913833
4101,0.00756198800860353,0.09996155323947149
4102,0.00756086053851704,0.0999611561368579
4103,0.00756084620517993,0.09996115547376783
4104,0.00755683725142566,0.09996026763257822
4105,0.00755341789938891,0.09995462488003541
4106,0.00755055004892033,0.09995387171209354
4107,0.00754943200968602,0.09995331304732034
4108,0.00754919743408679,0.09995321680326136
4109,0.0075491835350801,0.09995321805197102
4110,0.00754687994059956,0.09995229838318459
4111,0.00754686594751264,0.09995231772605777
4112,0.00754657513446631,0.09995192036171861
4113,0.00754127650123805,0.09995146646285255
4114,0.0075393097975418,0.09995104162083521
4115,0.00753381632139532,0.0999501288591615
4116,0.00753013193324081,0.0999476208220118
4117,0.00752910774560968,0.09994675549010781
4118,0.00752909457905418,0.09994677523526048
4119,0.00752876263199263,0.0999472296601495
4120,0.0075261154374601,0.09994501511421136
4121,0.00752508510314161,0.09994437273622608
4122,0.00751968369428662,0.09994237752082218
4123,0.00751842940970729,0.09994178441276474
4124,0.00751548686183008,0.09994226598679488
4125,0.00751013708218567,0.09994046639444291
4126,0.00750807021583622,0.09994030762661121
4127,0.00750673221591286,0.09993999336225849
4128,0.00750670305867848,0.09993996094011166
4129,0.00750659069561503,0.09993999217805347
4130,0.00750635698679407,0.09993988317436657
4131,0.00750628059443415,0.0999398320292017
4132,0.0074997122218006,0.09993639852149885
4133,0.00749969827603443,0.09993639814691493
4134,0.00749959040368329,0.09993638153423468
4135,0.00749957784251209,0.09993638152278855
4136,0.00749939374714182,0.09993638866629836
4137,0.00749612181698161,0.09993370118694674
4138,0.00749369260390977,0.09993308539286039
4139,0.00749346679355,0.09993310559419381
4140,0.00749216160164031,0.09993242959935636
4141,0.00749213749368374,0.0999323507946285
4142,0.00749089765456635,0.09993123618682286
4143,0.00748653082476253,0.09993134335449926
4144,0.00747908579573849,0.09992814633489
4145,0.00747237835379358,0.09992596681412026
4146,0.00746116565287234,0.09992499772729994
4147,0.00745970521310327,0.09992521520542638
4148,0.00745804980904502,0.0999245335480222
4149,0.00745620700401427,0.09992435229324394
4150,0.00745506316964138,0.09992460241655722
4151,0.00745452889549398,0.09992448298050756
4152,0.00745450580450215,0.09992439271868063
4153,0.00745449367693104,0.09992437091018669
4154,0.00745427209076023,0.09992423367035846
4155,0.00745346036513132,0.09992435187321684
4156,0.0074511464583713,0.09992499243113663
4157,0.0074511347556648,0.09992499285191878
4158,0.00745112356090188,0.09992498727123757
4159,0.00745111210150077,0.09992498670665044
4160,0.00745110111120546,0.09992497999004048
4161,0.00745066221176659,0.09992504142341345
4162,0.00744839643267064,0.09992419676245581
4163,0.00744643367201212,0.09992350310888336
4164,0.00744540003909435,0.0999231571521854
4165,0.00744536681546864,0.09992308577856665
4166,0.00744514223744274,0.09992301807901
4167,0.00744292553985393,0.09992222240133393
4168,0.00744135793974306,0.09992213711196711
4169,0.00743205367695956,0.09991886250691573
4170,0.0074301732397442,0.09991912698330761
4171,0.00743000476222355,0.09991892804935154
4172,0.00742999204111421,0.09991887938995703
4173,0.00742928819491871,0.0999185606526149
4174,0.00742885142886375,0.09991816616606392
4175,0.00742616936365706,0.09991708524979168
4176,0.00742467090005132,0.0999163335376173
4177,0.00742100502879963,0.09991616750794469
4178,0.00741928302238431,0.09991551698215426
4179,0.00741848409582968,0.09991595539764563
4180,0.0074182866250399,0.09991605880492899
4181,0.0074179745978579,0.09991576934559293
4182,0.00741669935507359,0.09991503689729202
4183,0.00741552430670941,0.09991582696222857
4184,0.00741336718782935,0.09991462918938239
4185,0.0074130553233837,0.09991471864261858
4186,0.00741025292212725,0.09991485142598001
4187,0.00740347008162007,0.09991497198000829
4188,0.00740276618729666,0.09991472851644319
4189,0.00739332717804219,0.09991382787810402
4190,0.00739030498057332,0.09991377422807704
4191,0.00738882709115662,0.09991355925221732
4192,0.00738549655563436,0.09991245756079559
4193,0.0073799827546539,0.09991124305789142
4194,0.00737923933148568,0.09991133824561249
4195,0.00737829393683441,0.09991165919810724
4196,0.007374268060078,0.09991082394171233
4197,0.00737186560889523,0.09991027199000337
4198,0.007369648982991,0.09990990530285793
4199,0.00736601225001471,0.09990968537962423
4200,0.00736551440454447,0.0999093838769989
4201,0.00736222166847907,0.09990848765825407
4202,0.00736005184818797,0.09990784180110085
4203,0.00735240299383652,0.09990675903625978
4204,0.00735124960790633,0.09990702779735303
4205,0.00734913556561093,0.09990647407317049
4206,0.00734598580215069,0.099905999290208
4207,0.00734597257351524,0.09990602203508256
4208,0.00734596047818447,0.09990602223099009
4209,0.00734581182320779,0.09990592347161395
4210,0.00734365619940824,0.0999057317054546
4211,0.00734147987886577,0.09990536422950712
4212,0.00733588769321994,0.09990392538934384
4213,0.00733392648357852,0.09990345880537368
4214,0.00732671563114878,0.09989660789239853
4215,0.0073199204412606,0.09989580143745916
4216,0.00731693960504692,0.09989552410994597
4217,0.00731168278999803,0.09989421228525605
4218,0.00731017758202582,0.09989399348663146
4219,0.0073074587069626,0.09989421377052655
4220,0.00730399834085464,0.09989338977208082
4221,0.00730242984343033,0.09989280242576198
4222,0.00729220139167036,0.09988957525862406
4223,0.00729044585513312,0.0998888659904658
4224,0.00728890123841707,0.09988777424238632
4225,0.00728813477408381,0.09988705194456399
4226,0.00728550982439887,0.09988829208429602
4227,0.00727996737475293,0.09988630419040814
4228,0.00727616969625617,0.09988469835177007
4229,0.00727395020076304,0.09988496559702859
4230,0.0072722671622484,0.09988408563930878
4231,0.00726883372612586,0.09988365353490763
4232,0.0072657372118151,0.09988340579326548
4233,0.00726572439711401,0.09988340679721756
4234,0.00726511952880918,0.09988328046747284
4235,0.00726510697792072,0.09988327946156325
4236,0.00726480663966074,0.09988307448432537
4237,0.00726293172328672,0.09988225335499103
4238,0.00725874571297375,0.09988210656151952
4239,0.00725706127433268,0.09988120687085954
4240,0.00725414169055822,0.09988074919480379
4241,0.00725412967304428,0.09988074833610312
4242,0.0072508439259911,0.09987499481274577
4243,0.00725071289579085,0.09987471666528089
4244,0.00724826862696235,0.09987449735683583
4245,0.00724557482710901,0.09987310696279986
4246,0.00724436281620839,0.09987236344239488
4247,0.00724280119966546,0.09987242671410274
4248,0.00724223888423739,0.09987207125516805
4249,0.00724131847768117,0.09987196874968494
4250,0.00724130668474827,0.09987196047782326
4251,0.00724124468264215,0.09987195446769753
4252,0.00724093454311744,0.09987188206384134
4253,0.00724050312395944,0.09987188796371241
4254,0.00723974210178968,0.09987174172560154
4255,0.00723703409160605,0.09987091636218308
4256,0.00723369247250543,0.09987047134290791
4257,0.00723303355756565,0.09987009451714172
4258,0.00723178714640618,0.09986976812232365
4259,0.00723166360171848,0.09986973672756924
4260,0.00722714858849879,0.09986835099991212
4261,0.00722075002727523,0.09986851495284636
4262,0.00721576829381551,0.09986724422259109
4263,0.00721555912105453,0.09986729566230516
4264,0.00721493584263082,0.09986742041938677
4265,0.00721414218113629,0.09986698239724136
4266,0.00721303842457671,0.09986692586656212
4267,0.00721297456703283,0.09986685558182397
4268,0.00721104193459164,0.09986696731654969
4269,0.00720757147052124,0.09986752598411197
4270,0.00720359932300704,0.09986618276154656
4271,0.00720327237577088,0.0998661461309244
4272,0.00720034435261684,0.09986606732669125
4273,0.00719816693303998,0.0998644868593592
4274,0.00719586427773238,0.09986374710718791
4275,0.007193346943236,0.09986410804924671
4276,0.00719093216934673,0.09986438873704673
4277,0.00718405632009984,0.09986396842906654
4278,0.00718184554662653,0.09986332741119966
4279,0.00718125624905701,0.09986293403665544
4280,0.00718107201116664,0.09986242359972121
4281,0.00717894617939758,0.09986241759432281
4282,0.00717643213717216,0.09986193513792845
4283,0.0071713966641145,0.0998619421624547
4284,0.00716687495532793,0.09986050297041354
4285,0.00716311247604395,0.09985993329719627
4286,0.00716126687665118,0.0998589790522326
4287,0.00715628738646918,0.09985799785040148
4288,0.00715001543464013,0.09985792374425213
4289,0.00714364646835238,0.09985804332348103
4290,0.00713584055468371,0.09985787155367341
4291,0.007130778728708,0.09985605056299024
4292,0.00712751760769627,0.09985588613044928
4293,0.00712427489465027,0.09985643291533675
4294,0.00711985154663806,0.09985170532203434
4295,0.00711682472296203,0.09985121192455651
4296,0.00711424040099874,0.09985131084200669
4297,0.00711422753521161,0.09985130164200201
4298,0.00711313324169786,0.09985035370072615
4299,0.00711220822384688,0.09985008672625208
4300,0.00710784971441919,0.09984943570599858
4301,0.00710666335790307,0.09984890281685044
4302,0.00710172283357406,0.09984873381633158
4303,0.0070980310428051,0.09984786857365377
4304,0.00709458182912624,0.0998467989248282
4305,0.00709148534268383,0.09984612589994178
4306,0.00708831768407239,0.09984508221737796
4307,0.00708678375756297,0.09984446755358327
4308,0.00708466046232539,0.09984528086222093
4309,0.00708124356354789,0.09984488931894256
4310,0.00707945080028981,0.09984349203262761
4311,0.00707737238972275,0.09984538700334558
4312,0.00707012766418893,0.09984294231279463
4313,0.00706961533537563,0.09984289011567805
4314,0.00706960256691156,0.09984288999398548
4315,0.00706488669026425,0.0998403509394459
4316,0.00706015088407942,0.09983776096548902
4317,0.00705889298635094,0.09983708510000525
4318,0.00705456556661912,0.09983627798290504
4319,0.00705455320169102,0.0998362779938859
4320,0.00705376930627152,0.09983556352375615
4321,0.0070514501246189,0.09983559693843437
4322,0.00705039108151223,0.09983483930934445
4323,0.00704289336664114,0.09982730806337908
4324,0.00703982789017085,0.09982560182003788
4325,0.00703226346883306,0.09982468437320721
4326,0.00703033213079615,0.09982421083112072
4327,0.00703031997413642,0.09982420388767477
4328,0.0070289243924897,0.09982372685625966
4329,0.00702663741261501,0.09982400101492951
4330,0.00702584398545946,0.0998238268537513
4331,0.00702583220990967,0.09982382685798626
4332,0.00702582082738623,0.09982382709783563
4333,0.00702578198995503,0.09982374121161089
4334,0.00702577137424984,0.09982374192585426
4335,0.00702576070824906,0.09982374203271924
4336,0.00702574712323264,0.09982374633421615
4337,0.00702453617033945,0.09982270318626958
4338,0.00702096529208249,0.09982252182230154
4339,0.00701872110542743,0.0998221166486837
4340,0.00701871022125737,0.09982211093556828
4341,0.00701795430450144,0.09982169140215928
4342,0.0070137244477883,0.09982231352397816
4343,0.0070060254872375,0.09982046143256197
4344,0.00700176567503672,0.09982123581009839
4345,0.00700036965442618,0.0998212503135501
4346,0.0069975071062607,0.0998196526361422
4347,0.00699631273069616,0.09981922688203118
4348,0.00698805151931753,0.09981936775425265
4349,0.00698556271371059,0.09981834553274817
4350,0.0069852996880631,0.0998181692779195
4351,0.00698168547018328,0.09981748010272572
4352,0.00697825827157503,0.09981719115203087
4353,0.0069730961639894,0.09981743200659238
4354,0.00696662535938586,0.09981756299427405
4355,0.0069628025876125,0.09981515664064586
4356,0.00695232074880879,0.09981327895889526
4357,0.00694996610071446,0.09981376526960656
4358,0.00694824629491526,0.0998132691583111
4359,0.00694489360373552,0.09981273060424356
4360,0.0069425501825934,0.09981329562089014
4361,0.00693972448006494,0.09981257064842579
4362,0.00693814452070906,0.09981240858629238
4363,0.00693672347155734,0.09981249004220527
4364,0.00693264303239006,0.09980904303569084
4365,0.00692936736131591,0.09980796618810292
4366,0.00692812820895344,0.09980744180131053
4367,0.00692278971890842,0.09980546332943807
4368,0.006922011282886,0.09980535347494893
4369,0.00692152074122756,0.0998051606207881
4370,0.00692137059788417,0.09980504302625859
4371,0.00692044411555346,0.09980435696007971
4372,0.00692043240636129,0.09980435700364118
4373,0.00691985090366025,0.09980395837853814
4374,0.00691705217307428,0.09980404920119139
4375,0.00691426266618653,0.09980340435123468
4376,0.00691401063026302,0.09980292610666291
4377,0.00691399913524017,0.09980292480258562
4378,0.00691290624966888,0.09980159221679005
4379,0.00691022510315801,0.09980035475787456
4380,0.00690865694601502,0.09980042710693009
4381,0.00690597247967996,0.09980005073669924
4382,0.00690507839264174,0.09979977859241887
4383,0.0069049576001483,0.09979961044743738
4384,0.00690494692936234,0.09979959128319969
4385,0.00690471173893129,0.09979968983607734
4386,0.00690470082815282,0.09979968850153036
4387,0.00690413601924271,0.09979973211497208
4388,0.0069033996786053,0.0997998200423569
4389,0.00690278131712652,0.09979905584302338
4390,0.00689814794153706,0.09979952113072947
4391,0.00689813760577894,0.09979952113840228
4392,0.00689685430211674,0.09979960026231693
4393,0.00689441823429129,0.09979924246018698
4394,0.00689424041209712,0.09979921704566898
4395,0.00689109593509578,0.09979818819272385
4396,0.00689108527636137,0.09979818816143037
4397,0.00689105958851359,0.09979816194409533
4398,0.00688755123112639,0.09979766259457
4399,0.00688514900673562,0.09979790291631749
4400,0.00688238513734241,0.09979757222983274
4401,0.00688173005214949,0.09979612283706774
4402,0.0068780976482896,0.09979460172093928
4403,0.00687150883272173,0.09979793536818149
4404,0.00686554453263379,0.09979545878308062
4405,0.00686229935680958,0.09979551135830683
4406,0.00685333468300917,0.09979519664428171
4407,0.00684759555234064,0.0997937122042913
4408,0.00684748324384844,0.09979370089080061
4409,0.00684646942076754,0.09979287608917246
4410,0.00684483983212684,0.09979241742396677
4411,0.00684461948887995,0.09979226074894959
4412,0.00684350451973,0.09979213331692052
4413,0.0068387549469539,0.09979229253823299
4414,0.00683593087499507,0.09979159115801825
4415,0.00683058394267358,0.09978699585983603
4416,0.00683057226865801,0.09978699510245564
4417,0.00683054696900579,0.0997869479117762
4418,0.00683046734976927,0.09978693081369071
4419,0.00682316004525391,0.09978396887506251
4420,0.0068175542857969,0.09978428379536411
4421,0.00681260132724205,0.09978241050751281
4422,0.00681119367570886,0.09978333573399262
4423,0.00680868645548705,0.09978159762095934
4424,0.00680655005811357,0.09978109378795899
4425,0.00679980730431178,0.09978079614308157
4426,0.00679689325452844,0.09977934683176638
4427,0.00679428123779468,0.09977825108520035
4428,0.00678890431632279,0.09977832137898159
4429,0.00678491661339211,0.09977704159890131
4430,0.0067805057945208,0.09977693399962573
4431,0.0067774705188065,0.09977622403658148
4432,0.00677697319691024,0.09977579028028392
4433,0.0067721739225299,0.09977440161132504
4434,0.00676501001680438,0.0997733545072156
4435,0.00675975903825781,0.09977211840001281
4436,0.00675445739554607,0.09977165032583869
4437,0.00675009271538447,0.09977131135467734
4438,0.00674530206742497,0.09977119357557204
4439,0.00674314122484324,0.09977018158020469
4440,0.00674035017364718,0.09977066911546285
4441,0.00673790564303758,0.09976899138359424
4442,0.00673734063886032,0.09976800715821271
4443,0.00673709713315026,0.09976790529003268
4444,0.00673520244588988,0.09976797197009744
4445,0.00673519080703767,0.0997679614699749
4446,0.00673502765627615,0.09976801941291878
4447,0.00673024426509868,0.09976794896400996
4448,0.00672760243524407,0.0997672310988345
4449,0.00672574840056631,0.09976694354901562
4450,0.00672525612887676,0.09976619134236517
4451,0.0067252313876656,0.09976607487136642
4452,0.00672435437350411,0.09976627121645981
4453,0.00672434359093821,0.09976625923823397
4454,0.00672433280740217,0.09976626003661623
4455,0.00672428927221193,0.09976616902401471
4456,0.00672427877213868,0.09976616608637237
4457,0.0067242356366307,0.09976616977149104
4458,0.00672361766188949,0.0997659953263437
4459,0.00672360818287676,0.09976603056373122
4460,0.00672359842772787,0.09976603032035641
4461,0.00672205567439775,0.09976609866140154
4462,0.00672102126527789,0.09976564987682446
4463,0.00672099624573572,0.09976574861863255
4464,0.00672098635273521,0.0997657476964052
4465,0.00672046348119827,0.09976554864814338
4466,0.00671869793169448,0.09976514293581384
4467,0.00671851479872707,0.09976504074624798
4468,0.00671686767517695,0.09976465923603772
4469,0.00671609768085594,0.0997641293751881
4470,0.00671343638619074,0.0997633095240251
4471,0.00671240168700044,0.09976284364376424
4472,0.0067102842954261,0.09976164412455701
4473,0.00670348172275079,0.09976216466102457
4474,0.00670098913807048,0.09976260127588422
4475,0.00669705206376769,0.09976237266326173
4476,0.00669579580329109,0.09976241749067043
4477,0.00669149979192597,0.09976285674965871
4478,0.00668427332683102,0.09976010760302607
4479,0.00668295099530949,0.09975836993581552
4480,0.00668061208028231,0.09975802245841842
4481,0.00667888000247374,0.09975781985796402
4482,0.00667730109593884,0.09975735389363236
4483,0.00667480731099165,0.09975688612938437
4484,0.00667332916994649,0.09975663754777811
4485,0.00667269813153824,0.09975664985468555
4486,0.00666670265176486,0.09975268899002344
4487,0.00666299965229643,0.09975164496316374
4488,0.0066579766424422,0.09975184789072421
4489,0.00665570684997118,0.0997511516673535
4490,0.00665561248081268,0.09975114827326918
4491,0.00665414718550043,0.09975091358352532
4492,0.00665209655150387,0.09975063680063855
4493,0.00664610039059744,0.09974928292929447
4494,0.00664337739022707,0.09974873040922881
4495,0.00664225861155575,0.09974867848927302
4496,0.00664177527329392,0.09974843255837734
4497,0.00664163306049842,0.09974833006409708
4498,0.00664162185251729,0.09974834222791862
4499,0.00664161103401297,0.09974834211029483
4500,0.00664029128712038,0.09974769106370993
4501,0.00663825497240512,0.09974764131833344
4502,0.00663491712893127,0.09974887197299695
4503,0.00663054684114591,0.09974894892332566
4504,0.00662837274142153,0.09974919560980429
4505,0.00662695012161007,0.09974889135573353
4506,0.00662641645144322,0.09974819560775074
4507,0.00662313163369054,0.09974934044172518
4508,0.00661967249762053,0.09974835727571217
4509,0.00661364269227283,0.09974729043902826
4510,0.00660900131367818,0.09974613923083593
4511,0.00660744994908169,0.09974540499967091
4512,0.00660499812608722,0.09974484832422002
4513,0.00660281534264857,0.09974496015978851
4514,0.00659970621573698,0.09974499385956398
4515,0.00659641811121809,0.09974450257509145
4516,0.0065946477742798,0.09974466589968226
4517,0.00659174306329322,0.09974299782066971
4518,0.00658741036174518,0.09974289448113732
4519,0.00658672602481351,0.09974281994149872
4520,0.00658434482892802,0.09974262188020873
4521,0.00658318985700548,0.09974277923131128
4522,0.00658317830088407,0.09974279081369034
4523,0.00658302884142936,0.09974260205489713
4524,0.00658004763197556,0.09974120231149093
4525,0.00657917647565614,0.0997409942799979
4526,0.00657852787600647,0.09974261849182213
4527,0.0065757517277311,0.09974163094370807
4528,0.00657153322461031,0.09974028750308706
4529,0.00656864737568811,0.09974019578146825
4530,0.00656759082434862,0.09974042367858507
4531,0.00656372156712716,0.0997400287895717
4532,0.00656171513061231,0.09973868169476653
4533,0.0065589314320731,0.09973845516448182
4534,0.00655891968544403,0.09973845496818103
4535,0.00655859882767823,0.09973889998571171
4536,0.00655511348841113,0.09974194861903558
4537,0.00655103703866833,0.09973967239690563
4538,0.00654706739977882,0.09973865290352935
4539,0.0065470566188325,0.09973865501710918
4540,0.00654462221813745,0.09973809746148572
4541,0.0065437385327654,0.09973782160063263
4542,0.0065426774101513,0.09973756645037063
4543,0.00654253883697953,0.09973724046610413
4544,0.00654138595534824,0.0997367577090644
4545,0.00653600921082231,0.09973567024371074
4546,0.00653525067449601,0.09973562995594823
4547,0.00652592491893242,0.09973375567164038
4548,0.00652296344283337,0.09973267333207692
4549,0.00652295304835844,0.09973268548124482
4550,0.00651722895952644,0.0997312392758306
4551,0.00651611452783714,0.09973101079501083
4552,0.00651558364777762,0.09973352552592846
4553,0.00651103516769469,0.0997317396987498
4554,0.00650952045349606,0.0997326857560521
4555,0.00650948813142,0.0997325693272869
4556,0.00650947769324595,0.09973256944898205
4557,0.00650944118827824,0.09973260319792285
4558,0.00650820526054549,0.09973409177794071
4559,0.00650429590765837,0.0997326210944508
4560,0.00650292182322626,0.0997323666276119
4561,0.00649894040603571,0.09973181676979068
4562,0.00649275632065409,0.0997317970142009
4563,0.00648820141760218,0.09973127745182837
4564,0.00648763870213207,0.09973300576553588
4565,0.00648716456087206,0.09973316069630493
4566,0.00648436028608994,0.0997325813214498
4567,0.00648435005052828,0.09973258115803867
4568,0.0064820553032337,0.0997312782564446
4569,0.00648019539882392,0.099730111206492
4570,0.00647894977394311,0.09973049357980383
4571,0.00647830494112373,0.09972948768909
4572,0.00647829462256557,0.09972948741304899
4573,0.00647828532016282,0.09972948770072208
4574,0.00647803456434417,0.09972929524706436
4575,0.00647793122965871,0.09972936890669151
4576,0.00647693718916165,0.09972967454650247
4577,0.00647331180326851,0.09972880920590278
4578,0.00646624650277627,0.09972475033440323
4579,0.00646332831254151,0.09972408738678909
4580,0.00646064666454137,0.09972424042294073
4581,0.00645639331193147,0.09972428818477548
4582,0.00644915300198661,0.09972322777475773
4583,0.006443663056315,0.09972245162018877
4584,0.00644089749230592,0.09972195776341941
4585,0.00644051189050033,0.09972210800069721
4586,0.00643550730553096,0.0997185542767875
4587,0.00643092698115776,0.09971784887916409
4588,0.0064303837002662,0.09971774910414265
4589,0.00642923504409271,0.09971746830714182
4590,0.00642919918182279,0.09971739317359904
4591,0.00642666746965522,0.09971596531644394
4592,0.00642427230656255,0.09971598532342114
4593,0.00642189854904788,0.09971559776668384
4594,0.00642187033853317,0.09971555807692442
4595,0.00642185965251251,0.09971555790009685
4596,0.00642140532969969,0.09971473130188095
4597,0.00641740287514748,0.0997147017221532
4598,0.00641739370413117,0.0997146707628364
4599,0.00641663199689451,0.09971497772450913
4600,0.00641491220852477,0.09971457210917724
4601,0.00641271709027322,0.09971526368586599
4602,0.00640788585570993,0.0997170982316294
4603,0.00640652913059981,0.09971799659976648
4604,0.00640651987575906,0.09971799621363464
4605,0.00640651075987322,0.09971799628904607
4606,0.00640598900906757,0.09971757005683347
4607,0.00640535091443175,0.09971731578826011
4608,0.00640534238045145,0.09971731685276126
4609,0.00640533376822099,0.09971731639659731
4610,0.00640532491432903,0.09971731592327567
4611,0.00640531649557364,0.09971731593035149
4612,0.00640465692794778,0.09971705726638382
4613,0.00640127438065934,0.09971745460907909
4614,0.00640112712264653,0.09971745635378094
4615,0.00640109487378828,0.09971754211859668
4616,0.00640108678435649,0.09971754210341678
4617,0.00640059195784238,0.09971768511530665
4618,0.00640026744338771,0.0997176235409519
4619,0.00640025925396679,0.09971760715420333
4620,0.0063982049181326,0.09971600926320659
4621,0.00639819668535004,0.09971600788450562
4622,0.00639640367976999,0.09971629038275885
4623,0.00639320040433641,0.0997167898735942
4624,0.00639207348813154,0.09971673872130604
4625,0.00638829870814371,0.09971632524280906
4626,0.00638715154979653,0.09971596027506555
4627,0.00638193721462112,0.0997140902974211
4628,0.00638027793215202,0.09971569258842762
4629,0.0063739341262788,0.09971238452841105
4630,0.00636815492796222,0.09971059894097074
4631,0.00636451377296346,0.09970975895615425
4632,0.00636256217304233,0.09970898012542752
4633,0.00636002452316564,0.09970813547833973
4634,0.00635770137926336,0.09970914202205729
4635,0.00635395489406137,0.09970823323417406
4636,0.00635373943928125,0.09970802087677419
4637,0.0063523553767919,0.09970788455621175
4638,0.00635058537075904,0.09970736825743051
4639,0.00634913416535998,0.09970740559681411
4640,0.00634450643009993,0.09971004708546745
4641,0.00634315186607276,0.09971083361818593
4642,0.00633784252039606,0.09970868510594362
4643,0.00633603736048748,0.09970865102318882
4644,0.00633135744691689,0.09970816179080579
4645,0.0063270565805817,0.09970609649096482
4646,0.00632372288982876,0.09970587617819653
4647,0.00632152242864219,0.09970600535102743
4648,0.00631926737067009,0.09970630377487584
4649,0.00631901337704155,0.09970610797754569
4650,0.00631899777206563,0.09970601378482555
4651,0.006317811795067,0.0997057657037888
4652,0.00631694289044036,0.09970553857364066
4653,0.00631282302914017,0.09970673399616599
4654,0.0063104141310797,0.09970708904295897
4655,0.00630955452988374,0.09970691585115755
4656,0.00630854616161184,0.09970668328235648
4657,0.00630602312485167,0.09970679606819847
4658,0.00630515343382499,0.09970617519303115
4659,0.00630316394809171,0.09970671693463096
4660,0.00630090626392349,0.09970646519285621
4661,0.006298252092943,0.09970563589129475
4662,0.00629672432150043,0.09970525309031666
4663,0.00629412659586278,0.09970482454296162
4664,0.00629227011037302,0.09970376283863493
4665,0.00628977228407566,0.09970293659801938
4666,0.00628735556532859,0.0997032095211381
4667,0.00628540403370892,0.09970369908530613
4668,0.0062826921855388,0.09970167309514934
4669,0.0062810542479261,0.09970118898196603
4670,0.00627736046142277,0.09969953287760185
4671,0.0062762171507984,0.09969939128801512
4672,0.00627499445564818,0.09969804761211941
4673,0.00627427002897934,0.09969778089109732
4674,0.00627347110529897,0.09969755771029061
4675,0.00627217828538896,0.09969598032535402
4676,0.00627030460320808,0.09969563152569941
4677,0.00626688292933289,0.09969479432190485
4678,0.00626415203455762,0.09969429527173755
4679,0.00626165207514703,0.0996930753162316
4680,0.0062598766582954,0.09969448817709983
4681,0.00625816490087199,0.0996937195091792
4682,0.00625690167965656,0.09969268788886589
4683,0.00625494212555443,0.09969274230005776
4684,0.00625091355962984,0.09969436746971866
4685,0.00624721903055569,0.09969371186387459
4686,0.00624561604159338,0.09969480190172166
4687,0.00624238104517106,0.09969469476045646
4688,0.00623934379707681,0.09969366158620749
4689,0.0062372738484085,0.09969378457710874
4690,0.00623712375402653,0.09969375716603336
4691,0.00623456263816327,0.09969307644983767
4692,0.0062312305453096,0.09969234322321853
4693,0.00623102165217725,0.09969212798223849
4694,0.00622822024257678,0.09969211760067459
4695,0.00622590121927731,0.0996910266292355
4696,0.00622308926373822,0.09969109066381135
4697,0.00622288845820244,0.09969119343952182
4698,0.00622127756214979,0.09969128448649515
4699,0.00622069290108231,0.09969124601521333
4700,0.00622068429533817,0.09969124578519949
4701,0.00622055848308371,0.0996911911021345
4702,0.00621930427799261,0.09969047895770931
4703,0.00621715403347476,0.09968996159787541
4704,0.00621649967205622,0.09968946405911236
4705,0.00621595552313111,0.09968926852882457
4706,0.00621591893363,0.0996892202490822
4707,0.00621326577542713,0.09969099851699073
4708,0.00621139976961912,0.09969074759965141
4709,0.00621036801486148,0.09969088821289304
4710,0.00620900607131044,0.09969090873820383
4711,0.00620639477904896,0.09969050894906514
4712,0.00620338993941081,0.0996915650698861
4713,0.00620324749109892,0.09969165448110578
4714,0.00619991678055231,0.09969086549519653
4715,0.00619876895627906,0.09969038602600273
4716,0.00619861581539308,0.0996904367252344
4717,0.00619860728831976,0.09969043522479609
4718,0.00619795085821934,0.09969036397932426
4719,0.00619484390407436,0.09968934574426773
4720,0.00619460579861083,0.09968928302748123
4721,0.00619090377231883,0.09968881317030162
4722,0.00618873322112255,0.09968818345191993
4723,0.00618610893069666,0.09968807393089511
4724,0.00618519659711902,0.09968802342923754
4725,0.00618517639814459,0.09968796511345719
4726,0.00618445763999523,0.09968839998245417
4727,0.00618314962231707,0.09968777909716173
4728,0.00618314083439311,0.09968777870321179
4729,0.00618107294911908,0.09968755078599043
4730,0.00617956399507974,0.09968867638806908
4731,0.00617706190066197,0.09968838465369247
4732,0.00617616126276254,0.09968795550811627
4733,0.00617455296007017,0.09968799712008296
4734,0.00617261627898066,0.09968767669483189
4735,0.00616687225310826,0.09968581750248254
4736,0.00616583168332318,0.0996854752400339
4737,0.00616541153896694,0.09968546049258527
4738,0.00616207631863181,0.09968335243607837
4739,0.00615944378663261,0.09968319320202375
4740,0.00615829965062961,0.09968248471865208
4741,0.0061578959946884,0.0996824732298944
4742,0.0061578393358747,0.09968243909254883
4743,0.00615755299856945,0.09968201649681084
4744,0.006157448814474,0.09968196660336333
4745,0.00615744084382665,0.09968198000184018
4746,0.00615743306235023,0.09968198019340954
4747,0.00615694735154838,0.09968221208770506
4748,0.00615693975505884,0.09968221207526935
4749,0.00615683989532652,0.09968229340725336
4750,0.00615683246486502,0.09968229338980249
4751,0.00615624609024711,0.09968172279068567
4752,0.00615613456312112,0.0996818729208953
4753,0.00615602097051018,0.09968185074836261
4754,0.00615284207163495,0.09968224687734202
4755,0.00615224786385273,0.09968183757752391
4756,0.00615100778989808,0.09968160699143605
4757,0.00614822228951832,0.09968037404003306
4758,0.00614520668128804,0.09968031005980732
4759,0.0061429549472704,0.09967901359419108
4760,0.00614285215302161,0.09967891394059669
4761,0.00614284437545751,0.09967891767636446
4762,0.00614212460332473,0.099681470925562
4763,0.00614154240295178,0.09968083691840474
4764,0.00614002453054301,0.0996805633884389
4765,0.00613681589584061,0.09967902489589489
4766,0.00613285115267544,0.09967862817438439
4767,0.00612744737577297,0.09967731323511166
4768,0.00612580090514237,0.09967815585840739
4769,0.0061252049777131,0.09967820216809611
4770,0.00612518196234933,0.09967815749947442
4771,0.00612515567996078,0.09967811437394374
4772,0.0061246704829546,0.09967812594404869
4773,0.00612347073860988,0.09967871886831231
4774,0.00611418457698536,0.09968375960450677
4775,0.00610828090145946,0.0996848647153765
4776,0.00610563048569269,0.09968606552374557
4777,0.00610239964303306,0.09968588659082862
4778,0.00610172435005384,0.09968508343075626
4779,0.00610036957362346,0.09968475437096862
4780,0.00609915058775355,0.09968513815541813
4781,0.00609890881027132,0.09968460283731656
4782,0.00609867662998793,0.09968430917342723
4783,0.00609864810032269,0.09968426179373543
4784,0.00609274965476517,0.09968115325259623
4785,0.00609225869120449,0.09968080271555729
4786,0.00609176254988258,0.09968095674220882
4787,0.00609154549494709,0.09968106143126891
4788,0.00609026774062041,0.09968011359028883
4789,0.00609025965608602,0.09968010423922335
4790,0.00608910281242843,0.09967960433096172
4791,0.00608448705753215,0.09967850170277533
4792,0.00608071785308493,0.09967654055185902
4793,0.0060782951383817,0.09967670395741587
4794,0.0060765108295155,0.09967554985411306
4795,0.00607635583075372,0.09967587300872158
4796,0.00607576609455261,0.09967580457244253
4797,0.00607491718844518,0.09967613818694632
4798,0.00607411792988551,0.09967559724643991
4799,0.00606815210487584,0.09967328066827899
4800,0.00606678945439433,0.09967270847174936
4801,0.0060639465231504,0.09967251136668688
4802,0.00606224636574367,0.09967165487491395
4803,0.00605882105670046,0.09967038280424208
4804,0.00605817704193569,0.09967021974286061
4805,0.00605272587813865,0.09966777337267428
4806,0.00604656453822792,0.09966623340473908
4807,0.00604367047504038,0.09966550194441626
4808,0.00604301858896215,0.09966530564850101
4809,0.00604298622484367,0.09966524627729205
4810,0.00604219792350024,0.099664512833887
4811,0.0060379664495001,0.0996637585566716
4812,0.00603795798286671,0.09966375851744334
4813,0.00603779091767342,0.09966350334695091
4814,0.00603554303688184,0.09966459402079893
4815,0.00603252094522174,0.09966381076472883
4816,0.00603190707906845,0.09966468883108735
4817,0.00602970592329312,0.09966374092966296
4818,0.00602896504387468,0.09966366568193623
4819,0.00602658226853094,0.09966336849008871
4820,0.00602138859333019,0.09966401964635525
4821,0.00601785424676991,0.09966323332574985
4822,0.00601482240290571,0.09966274625889557
4823,0.00601231925752481,0.099663319813853
4824,0.00601172672709184,0.09966293439683696
4825,0.00601082745654451,0.099662898921701
4826,0.00601071553075542,0.09966267299166202
4827,0.00600829063088161,0.0996621119610911
4828,0.00600738066318139,0.09966205225610836
4829,0.00600724888309999,0.09966208496484646
4830,0.00600722270682608,0.09966204222419878
4831,0.0060072146714273,0.09966204226734109
4832,0.00600701050141291,0.09966225991640007
4833,0.00600700274936307,0.09966225996966625
4834,0.00600697742933411,0.09966217559429484
4835,0.00600608361605926,0.09966181196546156
4836,0.00600488064494648,0.09966131590220573
4837,0.0060047748358329,0.0996611263849657
4838,0.00600239006026505,0.09966046183810048
4839,0.0059994547231242,0.0996601337746534
4840,0.00599920315105273,0.0996602888284891
4841,0.00599919567269036,0.09966028960954972
4842,0.00599894991157598,0.09966038665783977
4843,0.00599662812891368,0.09965975954127816
4844,0.00599662076344991,0.09965975955292306
4845,0.00599529082449739,0.09965929235753403
4846,0.00599528332046514,0.0996592934893377
4847,0.00599527570886336,0.09965929375204752
4848,0.00599522742200535,0.09965937191117384
4849,0.00599485826574173,0.09965954938933665
4850,0.00599474045178566,0.09965960744429309
4851,0.00599394518360019,0.09966012123620749
4852,0.00599042656543819,0.09965788919907904
4853,0.00598716675550382,0.0996588389662692
4854,0.00597803242753631,0.0996590753157049
4855,0.00597539502574654,0.0996588385880775
4856,0.00596892732636001,0.09966075038671786
4857,0.00596712522850232,0.09966120880443628
4858,0.00596664651961793,0.09966123178542911
4859,0.0059662575491713,0.09966141624847974
4860,0.00596406172226689,0.09965984561773858
4861,0.00596350028249618,0.09965986043605896
4862,0.00596151180647801,0.09965985288106989
4863,0.00595808909114828,0.09966011869498594
4864,0.00595788105672997,0.09966016215695071
4865,0.0059569265973497,0.09965968735032968
4866,0.00595512181185171,0.09965926666209758
4867,0.00595357924172707,0.09965838870018373
4868,0.00595270388767154,0.09965775994012872
4869,0.00595232910320051,0.0996578430254106
4870,0.00595004165359006,0.09965724007439554
4871,0.00594914364972237,0.09965702378124112
4872,0.00594749454014192,0.09965693953874677
4873,0.00594718921933784,0.09965694716250405
4874,0.0059470520926859,0.09965691579942262
4875,0.00594704488083473,0.0996569158972195
4876,0.00594642797241601,0.09965696209393622
4877,0.00594627625232297,0.09965687242341274
4878,0.0059451867329803,0.09965678607324382
4879,0.0059430698143235,0.09965681163779382
4880,0.00594012494045169,0.09965546009141645
4881,0.00593271866551328,0.09965461272899119
4882,0.00592833143561691,0.09965366051716384
4883,0.00592592132641842,0.099651698651874
4884,0.00592150123184078,0.09964851528253295
4885,0.0059198188095406,0.09964751834717657
4886,0.00591699290173497,0.09964706422066308
4887,0.00591660881259064,0.0996470954410327
4888,0.00591651138897804,0.09964711122707731
4889,0.00591518299536777,0.09964651224939224
4890,0.00591277639144097,0.09964457208151384
4891,0.0059067133751358,0.09964311293497184
4892,0.00590470113129215,0.09964190074976614
4893,0.00590095019227547,0.09964058526704431
4894,0.00589919428443104,0.0996416714051503
4895,0.00589602299961694,0.09964164520253953
4896,0.00589383644197846,0.09964109246548294
4897,0.00589225416895649,0.09964127594210163
4898,0.00589213845482398,0.09964133180579186
4899,0.00589206654669292,0.09964126940500592
4900,0.0058918689810749,0.09964104933944536
4901,0.00589172454003822,0.09964112816654824
4902,0.00588861725147542,0.09964092322742754
4903,0.00588638943104119,0.09964187180779913
4904,0.00588496222219362,0.0996407027463465
4905,0.00588462446841237,0.09964053560485436
4906,0.00587979474884844,0.09964115338474216
4907,0.00587824916649648,0.09964117249903219
4908,0.00587598054770372,0.09963999852770045
4909,0.00587542481036103,0.09963996526581775
4910,0.00587541758589227,0.09963996526568895
4911,0.00587183066588734,0.09963829665480964
4912,0.0058705613956256,0.09963832175912637
4913,0.00586741189678867,0.0996372850294135
4914,0.00586623061737333,0.09963741650403982
4915,0.00586324429098558,0.09963756473429336
4916,0.00586132335323419,0.0996369582452007
4917,0.00585745198775518,0.09963605175507942
4918,0.00585240855423095,0.09963477541455756
4919,0.00585032292809397,0.0996344891566669
4920,0.0058490202243921,0.09963465138396242
4921,0.00584873360570748,0.09963481113322258
4922,0.00584699425917753,0.09963476339057463
4923,0.00584545175663204,0.09963581663712555
4924,0.0058438729263218,0.09963589252199016
4925,0.00584227796774174,0.09963547390617004
4926,0.00583974400988683,0.09963468443784225
4927,0.00583963441761548,0.0996346567794307
4928,0.00583516426005517,0.09963481435482514
4929,0.00583437094666278,0.09963527478808168
4930,0.00583321268110843,0.09963488322342828
4931,0.00583226226271694,0.09963487727685362
4932,0.00583186591105982,0.09963479062277765
4933,0.00583150179058542,0.0996350330952675
4934,0.00583138843702128,0.09963494297784323
4935,0.00582917987312055,0.09963429580105491
4936,0.00582884953974775,0.09963406058935936
4937,0.00582590217148514,0.09963421014577317
4938,0.005823939309291,0.09963412562353273
4939,0.00582386472549092,0.09963420668103545
4940,0.00582386241163142,0.09963420668261115
4941,0.0058206457341523,0.09963325640329623
4942,0.00581864611267502,0.09963198882292316
4943,0.00581767306828627,0.09963225416208922
4944,0.00581690677400718,0.09963187863710009
4945,0.00581635921768961,0.09963157815627813
4946,0.00581623475579355,0.09963157993446693
4947,0.00581557965684592,0.09963143631358003
4948,0.00581337601624412,0.0996310087159079
4949,0.00580878300914816,0.09963107088425605
4950,0.00580877597972398,0.09963108106558358
4951,0.00580692576309262,0.0996307471350695
4952,0.00580690456234162,0.0996306517486948
4953,0.00580360602446926,0.09962734321510737
4954,0.00579975063182917,0.0996243214120096
4955,0.00579636492386548,0.09962303881512256
4956,0.00579554542616565,0.09962251741242797
4957,0.00579363562442156,0.09962289384857292
4958,0.00578955762353765,0.09962138673970919
4959,0.00578869457902632,0.09962136917278533
4960,0.00578632071082098,0.09962041331225709
4961,0.00578627455159963,0.09962036496428804
4962,0.00578617282832329,0.0996203324148785
4963,0.00578502423438506,0.09961989341637026
4964,0.0057839736136706,0.09961909246536625
4965,0.00578130915423387,0.0996191670927088
4966,0.00577977798821922,0.09961941362135344
4967,0.00577745238394349,0.09961894968040633
4968,0.00577386979967996,0.09961930171459661
4969,0.00576978286151506,0.09961859481915881
4970,0.00576926323392957,0.09961839091674214
4971,0.00576874538886772,0.09961834841721885
4972,0.00576848351212517,0.09961795007792587
4973,0.0057665480203766,0.0996176262623019
4974,0.00576186663127079,0.09961629837008919
4975,0.00576112759150668,0.09961655002727193
4976,0.00575977210018492,0.09961646985889583
4977,0.00575973591333441,0.09961641818939952
4978,0.00575811458972301,0.09961563208769918
4979,0.00575356632488829,0.09961663581454265
4980,0.00574990092328906,0.09961611274420776
4981,0.0057479705939155,0.09961679982357934
4982,0.0057452495561772,0.09961736497520955
4983,0.00574304581689297,0.0996178740623316
4984,0.00574172948273212,0.09961706618328893
4985,0.00574056850380456,0.09961694268976447
4986,0.0057357350130314,0.09961464113620079
4987,0.00572994519287661,0.09961382194661492
4988,0.00572648061042888,0.09961389677440416
4989,0.00572308104567737,0.09961268538879994
4990,0.00572029436640417,0.09961263162920779
4991,0.00571689432421536,0.09960877404561777
4992,0.00571688623328864,0.09960877417415889
4993,0.00571382669197206,0.0996096980545886
4994,0.00570944366183653,0.0996082330230604
4995,0.00570620424727725,0.09960931644566112
4996,0.00570547045074875,0.09960992519684171
4997,0.00570393694378164,0.09960907083376602
4998,0.00570196566514282,0.09960854293142411
4999,0.00569871316968877,0.09960756074927467
5000,0.00569849443582663,0.09960725385405655
5001,0.00569795060459459,0.09960735796333949
5002,0.00569767508256923,0.09960744856236331
5003,0.00569766730406615,0.09960744860782432
5004,0.0056962610185459,0.09960756652139093
5005,0.00569161363712434,0.09960786904696213
5006,0.00569148896042999,0.09960783036775696
5007,0.00568856248057816,0.09960633689179053
5008,0.00568616359672181,0.09960506031109093
5009,0.00568591218026701,0.09960492692203798
5010,0.00568316755514813,0.09960500073699889
5011,0.00568143091486424,0.09960500032714947
5012,0.00568132406553598,0.09960500719245821
5013,0.00568057364196218,0.09960541130978957
5014,0.00567627573820762,0.09960449566317607
5015,0.0056714418692357,0.09960325718104644
5016,0.00566737008518362,0.09960349807237905
5017,0.0056627079414481,0.09960226343244069
5018,0.00565844712406697,0.09960063428000851
5019,0.00565374197034258,0.09960166685650824
5020,0.00564896000337109,0.09959986283401032
5021,0.00564729586813229,0.09959942798106347
5022,0.00564448963691202,0.09959889838872987
5023,0.00564404467244204,0.09959908032057961
5024,0.00564394197683119,0.09959907116014974
5025,0.00564393336294215,0.09959907006006108
5026,0.00564380114627944,0.09959900001230129
5027,0.00564240703178114,0.0995979890662992
5028,0.00563987788522528,0.09959862107993664
5029,0.00563829886734477,0.09959898712795148
5030,0.00563829097997973,0.0995989985689257
5031,0.00563667041369478,0.09959837529900901
5032,0.00563502719263981,0.0995973981625649
5033,0.00563266013309496,0.09959752506704796
5034,0.00563118395162582,0.09959791316139177
5035,0.00562808977057158,0.09959758266582425
5036,0.00562471344385349,0.09959868279690746
5037,0.00562470564553398,0.09959868165666277
5038,0.00562115352133061,0.09959829305833594
5039,0.00562037681726047,0.09959839882040933
5040,0.00561675283420449,0.09959789664359397
5041,0.00561641715413017,0.09959752472621253
5042,0.00561639878333339,0.09959753817671975
5043,0.00561277208974212,0.09959787176701834
5044,0.00560536266181818,0.09959529158331237
5045,0.00560359343208826,0.09959500971571382
5046,0.00560262080854028,0.09959476918623321
5047,0.0056023044759267,0.09959469119468461
5048,0.0056007937523931,0.09959435216994755
5049,0.00559975167328623,0.099594007539253
5050,0.00559829050998001,0.09959391869590667
5051,0.00559691632433876,0.09959360412860481
5052,0.00559589621221105,0.09959309577799
5053,0.0055949192921289,0.09959251101241867
5054,0.00559040235085217,0.09959227155458296
5055,0.00558800103773809,0.09959200050840519
5056,0.00558670041931585,0.09959122576930834
5057,0.00558610898975315,0.0995911253165932
5058,0.00558391745752578,0.09959087305254287
5059,0.00558124452677192,0.09959020270520107
5060,0.00558123692832371,0.09959020271883885
5061,0.0055812308591526,0.0995902028128222
5062,0.00558123087529805,0.09959020270136418
5063,0.00558123089357576,0.09959020326923868
5064,0.00558123091020438,0.0995902031109007
5065,0.00558123091128763,0.09959020332200133
5066,0.00558123091346245,0.09959020334748823
5067,0.0055812309137826,0.09959020345479318
5068,0.00558123091383797,0.09959020353493205
5069,0.00558123091453247,0.09959020365842641
5070,0.00558123091619464,0.09959020357300928
5071,0.00558123091645238,0.09959020378195628
5072,0.0055812309260461,0.0995902038018714
5073,0.00558123093447972,0.09959020402232176
5074,0.00558123094498958,0.09959020396238177
5075,0.00558123095693206,0.09959020409696051
5076,0.00558123096582785,0.09959020427166042
5077,0.00558123097593559,0.09959020433427769
5078,0.00558123098477253,0.09959020421204288
5079,0.00558123099475877,0.09959020434368017
5080,0.00558123100426455,0.09959020447702087
5081,0.0055812309932488,0.09959020468410658
5082,0.00558123097914014,0.09959020464906253
5083,0.00558123096826357,0.09959020461556237
5084,0.00558123095688405,0.09959020474435833
5085,0.00558123094646531,0.0995902047381998
5086,0.00558123093398094,0.09959020475939662
5087,0.00558123092239305,0.09959020486971834
5088,0.00558123091047892,0.09959020480424913
5089,0.00558123089816132,0.0995902049202384
5090,0.0055812308867793,0.09959020496343658
5091,0.00558123087565905,0.09959020501416016
5092,0.00558123086240684,0.0995902050241861
5093,0.0055812308601537,0.09959020516009483
5094,0.00558123085590685,0.09959020516037945
5095,0.00558123085450959,0.09959020522571456
5096,0.00558123085175809,0.09959020524344121
5097,0.00558123084846716,0.09959020532240927
5098,0.00558123084569338,0.09959020533097566
5099,0.00558123084319066,0.09959020539936127
5100,0.00558123084048765,0.0995902056004259
5101,0.00558123083866666,0.09959020557518154
5102,0.0055812308350753,0.099590205541791
5103,0.00558123083296268,0.09959020563014766
5104,0.0055812308291354,0.09959020560651292
5105,0.00558123083297099,0.09959020559337702
5106,0.00558123083560226,0.09959020578766732
5107,0.00558123083940566,0.09959020576713189
5108,0.00558123084305885,0.09959020572840328
5109,0.00558123084650531,0.09959020579715451
5110,0.00558123085057204,0.09959020584003468
5111,0.00558123085467598,0.09959020587041993
5112,0.00558123085746285,0.09959020590240075
