0,0.2827493350475384,0.2834795884986415
1,0.26451150130606105,0.2652531762099179
2,0.24761715519027386,0.24851901346449096
3,0.23225098340187986,0.2332365692255262
4,0.21799554092521867,0.21887446116669781
5,0.20488218466351477,0.20599899425476914
6,0.1927781193297225,0.19399899009648533
7,0.18176350949416584,0.18301999241058375
8,0.17167229452979274,0.17303295285780412
9,0.1623867034286621,0.16385390094689534
10,0.1538127942295522,0.15536641322329028
11,0.14610886033659395,0.14773676310864658
12,0.13900308600042394,0.1407189236553862
13,0.1325512997215338,0.13434778435559575
14,0.12674751273692283,0.12865994759556834
15,0.12096139192976545,0.12316126903921241
16,0.11585074712255526,0.1181349207561734
17,0.11129944800515984,0.1138456518709699
18,0.10694230446596296,0.10965944937280156
19,0.10299372064234438,0.10583175594696008
20,0.09942210514971205,0.1024774699898857
21,0.09624670832940617,0.09945565648385941
22,0.09315568434098151,0.09642661399561453
23,0.0902894474179814,0.09369857164735303
24,0.08771287029892672,0.09136996108834201
25,0.08536662131186354,0.08932527682273861
26,0.08326564134965174,0.08740223661188859
27,0.08138958174412379,0.08573440523988926
28,0.0796782574993696,0.08428139343116668
29,0.07783743286956613,0.08265042452578863
30,0.07630493135529136,0.08116192289516637
31,0.07471626771123431,0.07982046765504376
32,0.07307535478174126,0.07841317885322992
33,0.07167763833686579,0.07717389275175304
34,0.07056563613519021,0.07623812739573407
35,0.06945773221745177,0.07532819087587213
36,0.06839188342565494,0.07433299959073389
37,0.06722140021230369,0.07346196506778839
38,0.06642062835694952,0.07275243218206512
39,0.06562685856226562,0.07207013532800212
40,0.06459492996624121,0.07127189132089205
41,0.06389533805372626,0.07066820939263752
42,0.06320186646906738,0.07014502392958057
43,0.06249701532930284,0.06956059806303114
44,0.06198812666530026,0.06915388987321089
45,0.06142547218103804,0.06867467500663556
46,0.06072190744009626,0.068080615244459
47,0.05991684823195762,0.06742288125628036
48,0.05920722850481442,0.06692374868200934
49,0.05870191417028592,0.06639093281797102
50,0.05809538209876507,0.06590327492029788
51,0.05750550246741176,0.06541229369741096
52,0.05699951838149257,0.06494502370996648
53,0.0564531548963923,0.06444596955054317
54,0.05587888760900542,0.06419165724041531
55,0.05544773221787924,0.06385125529499225
56,0.05499474037897785,0.06347658245099842
57,0.05453774229186947,0.0631064244750658
58,0.05418573710760358,0.0628706369008266
59,0.05383587376055469,0.06264870490482043
60,0.05333395811740784,0.06227798475078376
61,0.0530850173099698,0.06223717620922904
62,0.05272896091690008,0.06197921877803143
63,0.05245355555815787,0.06184479928727722
64,0.05209546573348429,0.06159869751789743
65,0.05190283067009842,0.06149578567416779
66,0.05162801608503525,0.06127283948206695
67,0.05146437921550135,0.06121441356464011
68,0.05126198829446602,0.0610601868394047
69,0.05095187555913698,0.06080632319981406
70,0.05085440759784698,0.06075601899339783
71,0.05074003854751652,0.06073494067735185
72,0.05036891632974059,0.06045473408815796
73,0.05029139606135361,0.06040458363019128
74,0.05000142026280436,0.06019325715432748
75,0.04991657795236722,0.06015382780490399
76,0.0498526042010647,0.06011191012961002
77,0.04970122040472963,0.06004721081636378
78,0.04948886361557243,0.0598084332227205
79,0.04927479111671972,0.05962613911698263
80,0.04913109216543236,0.0594964134480065
81,0.04899114554625671,0.05949395598144836
82,0.04868348970429176,0.05930533450528118
83,0.04855102281390889,0.05914735914358283
84,0.04828520255977913,0.05888155157877908
85,0.04821184281780667,0.05883758048329431
86,0.04808132762800504,0.058754720425015
87,0.04758395319832417,0.05826667283703586
88,0.0472356371557097,0.05804622076487162
89,0.04711296674167837,0.05796129458233565
90,0.04686846883803743,0.05773917384775545
91,0.04664850750153553,0.05764705954932926
92,0.04606429663572604,0.05717490438812492
93,0.04600279151373549,0.05713435756449346
94,0.04578601186664555,0.0569800890727504
95,0.04573698898180683,0.05694566988076125
96,0.04561646571031551,0.05685261337293233
97,0.04534182878246232,0.05665625897828305
98,0.04521864411064921,0.05653955398007285
99,0.04501858727968861,0.05632176343590732
100,0.0449296912040099,0.05623948832368506
101,0.04470635698838363,0.05600678572732674
102,0.0444055559702633,0.05574038477463986
103,0.04436508071745092,0.05572004676958752
104,0.04408602678396109,0.0556487518142559
105,0.04364347558203118,0.05531363027209578
106,0.04340506162601316,0.05513156418075286
107,0.04332278315151769,0.05506537526600321
108,0.04325409541960572,0.05498931237054893
109,0.04300522190773663,0.05476488028722845
110,0.04278117436933049,0.05456359806181415
111,0.04269525163942595,0.05449209992257186
112,0.04259499027345569,0.05440887361949188
113,0.04246504019217368,0.05437835866880861
114,0.04231826793546121,0.05428365831672875
115,0.04220157873902072,0.05418182692676541
116,0.04195957273359577,0.05405892426949658
117,0.04184900655015619,0.05395680838970397
118,0.04153091554821187,0.05374492361569502
119,0.0414613661942152,0.05368113930828133
120,0.04143225789485962,0.05365760614636688
121,0.04132278017828435,0.05359962331411142
122,0.0411276449482793,0.05351535497886502
123,0.04110701340220353,0.05350548598155275
124,0.04091274754164349,0.05340556554851549
125,0.04082636343975021,0.05332665706401066
126,0.04072338847418189,0.05331231386833211
127,0.04058506293447955,0.05316175026687069
128,0.04055572905071329,0.05313302552379091
129,0.04043296052824665,0.05301863229697123
130,0.04031315817022518,0.05293887512483044
131,0.03993372041179644,0.05252224520799679
132,0.03961086028512052,0.05232288683486679
133,0.03956266548455234,0.05228379796415936
134,0.03939924733592416,0.05219142846664857
135,0.039335554982522,0.05214817041339825
136,0.03931935152743733,0.05213910027923904
137,0.03921145699529488,0.05206356355978397
138,0.0391411455507967,0.05200366904777817
139,0.039052109046651,0.05198911459517651
140,0.03897410786915367,0.0519046913492795
141,0.03891067173076655,0.05185413622739181
142,0.0388691514766652,0.05183132137464106
143,0.03885855418188047,0.05182802750771514
144,0.0387813360398257,0.05178919068833123
145,0.03868280321121514,0.05175235421295241
146,0.03857708876688235,0.05165401982077718
147,0.03840724120820806,0.05147790194816237
148,0.038382295291206,0.0514604168790193
149,0.03816352219247299,0.05130790615394303
150,0.03798442802516613,0.05116278004777493
151,0.03772720277062368,0.05096799045387328
152,0.0377083039482017,0.0509546137965794
153,0.03760594512549196,0.05087359087887225
154,0.03754428418701389,0.05083292239792959
155,0.03735290830989152,0.05062840250783854
156,0.03734673741500482,0.0506250543171766
157,0.03733671484578656,0.05061473230773262
158,0.037190232005775,0.05053570681347316
159,0.03706352703841555,0.05039701884529856
160,0.03678993808913351,0.0502185927724121
161,0.03668809457710218,0.05015925644952084
162,0.03635633951319209,0.04991243811875826
163,0.03628217336041816,0.04986653750513078
164,0.03620010302962553,0.04978016480909458
165,0.03616068106185445,0.0497501585134006
166,0.0360851690498545,0.04965649568441238
167,0.0360105329298281,0.04961809442050153
168,0.03593568894115482,0.04956766387641953
169,0.03590993232900124,0.04955560796631488
170,0.03590225887402278,0.04955167209892079
171,0.03588697218632426,0.04954577059748716
172,0.03588295936848117,0.04954454807595519
173,0.03568228067603556,0.04941352109915365
174,0.03558921403600735,0.04933245277977844
175,0.03537948682971182,0.04912250204698184
176,0.03537544930821133,0.04912126990225422
177,0.03533657765647958,0.04909611154458181
178,0.03524556888868647,0.04899703463520815
179,0.03516655965424614,0.04892882464590145
180,0.03499358124246628,0.04882767465855602
181,0.03484158109651313,0.04874248284117057
182,0.03472884251176021,0.04867224558492388
183,0.03466919800258846,0.04859765864130653
184,0.03461940359054666,0.04857670541277206
185,0.03459834322972773,0.04855535269847477
186,0.03440776202250957,0.04838137147466663
187,0.03430588251425538,0.04830490304174758
188,0.0340678847760676,0.04807073960056808
189,0.03387429614600896,0.04786495837533927
190,0.03369968718242766,0.04771127337743271
191,0.03360527223497684,0.04764968641052256
192,0.03345839253917935,0.04748762959010136
193,0.03331742982611186,0.04737065284739427
194,0.03316402235348478,0.04718950766785561
195,0.03305612812078879,0.04711385558215871
196,0.03296942274905786,0.0470120884967428
197,0.03289183643153479,0.04695603691642293
198,0.03288655878782649,0.0469552115391029
199,0.03267396150105219,0.04670427845616924
200,0.03246348096547691,0.04650385745698018
201,0.03240613629380157,0.04647590227711797
202,0.03240291714644255,0.04647535432815675
203,0.03224759306708071,0.0463329668599496
204,0.03205671999773361,0.04617577522579158
205,0.03195588070932903,0.04611169340071939
206,0.03172388604976694,0.04596838982767403
207,0.03166218649723739,0.04593333621771438
208,0.03147761944502347,0.04573997940593059
209,0.03147394279726061,0.04573987950936103
210,0.03132100314920541,0.04561626869628565
211,0.03128112759304091,0.04558500255914455
212,0.03127104035086326,0.04557900337522376
213,0.03126866161803246,0.04557899311591346
214,0.03126643802067604,0.04557869057139595
215,0.03125590169798517,0.04557305119714444
216,0.03115734532459045,0.04547117890934357
217,0.0310815021079669,0.04541013322571873
218,0.03102039574002693,0.04534040189413747
219,0.03090992129419283,0.045261191377263
220,0.03084825491146044,0.04522400941810497
221,0.030842893861757,0.04521976558389781
222,0.03073974260792996,0.04511477854660438
223,0.03072955915231718,0.0451103114792008
224,0.03071599960355733,0.0450979990043567
225,0.03068171923589002,0.04506203983368932
226,0.03057749032134715,0.04500594255709353
227,0.03044494294135036,0.04489749148685266
228,0.03042022244269843,0.04488756593285764
229,0.03041692952470105,0.04488726450063304
230,0.03033292545546202,0.04481891718109484
231,0.03021245768802518,0.04469505294816329
232,0.03018697790908973,0.04468592600240922
233,0.03012250333608249,0.04465376081940876
234,0.03007633082178151,0.04461578900350849
235,0.02988061712301238,0.0444521524049962
236,0.02972755033167592,0.04435354508623154
237,0.02968551806220216,0.04430958394971018
238,0.02968248453084515,0.04430815158383108
239,0.02967256655245737,0.04429855618530523
240,0.02962879084515025,0.04425953245460702
241,0.02941398945673289,0.04407046138739137
242,0.02932219019209492,0.04395539261756191
243,0.02929238237606457,0.04393090386808617
244,0.02918965663389835,0.04385424284473843
245,0.02904943063602199,0.04377796131323541
246,0.02895463704381215,0.04368230141693458
247,0.02893091316890243,0.04367393317447154
248,0.0287964341549922,0.04359839416143736
249,0.02879200280385922,0.04359641737962218
250,0.02877956561467828,0.04358709018636044
251,0.02876143564515008,0.04357963277487326
252,0.02873676878241107,0.04356639356124276
253,0.02858221091495255,0.04344768473143602
254,0.02843946668214944,0.04331300020886557
255,0.02838522606042894,0.04327363319490161
256,0.02838219516025968,0.04327258967803807
257,0.02836154786143521,0.0432662209675367
258,0.02834489268282315,0.04325925512121098
259,0.02831148017468012,0.04323393729454565
260,0.02829901658603205,0.04322596731336303
261,0.02828084032158804,0.04322040659215842
262,0.02818622259308749,0.04314670492424878
263,0.02818496099942587,0.04314670479144752
264,0.02818377195301469,0.04314572273596314
265,0.02815757677234511,0.04310591839162573
266,0.02803021623325977,0.04304299353977607
267,0.02788393397164328,0.04295364055568934
268,0.02783639673445615,0.0429220498861441
269,0.02778711237140704,0.04288124290947595
270,0.02764921884948729,0.04280726891030791
271,0.02758164903502966,0.04275822986455589
272,0.02753826925121449,0.04273015459094382
273,0.0274640390110859,0.04263775220069114
274,0.02738914672992534,0.04254541742986191
275,0.02724601346356562,0.04245890580008532
276,0.02709662052435283,0.04233777363182115
277,0.02699002078071763,0.04225861281895325
278,0.02690795055423103,0.04221587667892225
279,0.0268508061984447,0.04218954662210173
280,0.0268283320588329,0.04216264579404692
281,0.02678132739917721,0.04214679373378354
282,0.02671454560282712,0.04207542780530911
283,0.02664197855128124,0.04196810822748807
284,0.02659846246199178,0.04193242492762266
285,0.0265299038641706,0.04185509930913338
286,0.02645270606449648,0.04177299738915521
287,0.02632449664741492,0.04165153546255082
288,0.02625008966711231,0.04156768443714274
289,0.02612909660354429,0.04145621585785739
290,0.0260259541383374,0.04133301248280599
291,0.02594881325178357,0.04130635516221602
292,0.02593880207325824,0.04129652155259254
293,0.02588413256921437,0.04128118977651506
294,0.02585768299285967,0.04126987205869789
295,0.02572328621284638,0.0411313480970306
296,0.02571582578253181,0.04112772381156699
297,0.02569071946782864,0.04111021400265906
298,0.0256758833435212,0.04110159810432488
299,0.02560890484287769,0.04104975829349503
300,0.02556895430035614,0.0410143117033957
301,0.02549323858460214,0.04097070305615288
302,0.02547878807344877,0.04095313431017902
303,0.02540477077336589,0.04088190360872049
304,0.02540276402706958,0.04088134372939315
305,0.02537489594171816,0.04085716893618034
306,0.02528385948937434,0.04077976625135465
307,0.02525852381446761,0.04075733910166671
308,0.02521739218615665,0.04072030355970221
309,0.02521633909638984,0.04072028269956751
310,0.02518331715215626,0.04069791806504058
311,0.0251274270272462,0.04066528689259054
312,0.02505428078185612,0.04058262778324861
313,0.02503260726241877,0.04056847841075809
314,0.02493469771593947,0.04048303093444056
315,0.02479156099670054,0.04033151427037542
316,0.02475208167741854,0.0403075879985484
317,0.02470629049581436,0.04027643649296807
318,0.02468484905349692,0.04026324234495735
319,0.02459564047414677,0.04017314130178871
320,0.02449244891694763,0.04009618376158468
321,0.02438041599897668,0.04000912815665887
322,0.02431008147033004,0.03996217764738827
323,0.02430228734429662,0.03995627395060723
324,0.0242619942573037,0.03992943041877277
325,0.02419780317728644,0.039877619268017
326,0.02419201956571558,0.03987508741092845
327,0.02417004550355632,0.03985502843819671
328,0.02406477550750605,0.03975808333738694
329,0.02401946359177722,0.03973247652576508
330,0.02394623651845519,0.03967478559953061
331,0.02390410441734284,0.03963450257423726
332,0.02386610863036902,0.03959143941934216
333,0.02383287767603434,0.03956452231894495
334,0.02371381007860032,0.0394481502090693
335,0.0236209413117458,0.03936425728720267
336,0.02353272725216451,0.03928216321877814
337,0.02349700386283505,0.03925083364995646
338,0.0233915089970917,0.03917796038406856
339,0.02329510826496512,0.03907174358121906
340,0.02319208593923387,0.03897152269318872
341,0.02312274923108479,0.03893326149207098
342,0.02305351573161253,0.03888132358359826
343,0.0229730847679257,0.03878254601097066
344,0.02291866027271345,0.03875878151973338
345,0.02284609450488014,0.03869361937234063
346,0.02279976779665045,0.03864085321869402
347,0.02278392925486864,0.03862884980183341
348,0.02270817653544129,0.03857268299124419
349,0.02270171655035481,0.03857263093616532
350,0.02264542738259025,0.03853197421425416
351,0.02262431027541199,0.03851123546487534
352,0.02253949405554583,0.03844313377893611
353,0.02242701609213501,0.03838750892953294
354,0.02240615791627868,0.03837670160375427
355,0.02237496403146452,0.03835126650230573
356,0.02231074470633793,0.03831213565137603
357,0.02228122042594967,0.03829867443517727
358,0.02228033012330342,0.03829830534713891
359,0.02223022396614261,0.03826831995298264
360,0.0222263419493412,0.03826753838410245
361,0.02222550799119381,0.0382675361307345
362,0.02217808744228708,0.03822901456813941
363,0.02215350063404396,0.03820664044671257
364,0.02215271563156948,0.03820664337160595
365,0.02215085407882038,0.03820596846210419
366,0.02214247585629905,0.03818876309815476
367,0.02210791871009075,0.03816167400048815
368,0.02205820375212883,0.03813738875024836
369,0.0219940944805057,0.03808425913297502
370,0.02186322202855358,0.03798880874135456
371,0.02179453646579923,0.03793265053521134
372,0.02175561572444832,0.03790178875304794
373,0.02169301954828068,0.03784950680105541
374,0.02162316134382737,0.03781375537280304
375,0.02159297138380314,0.03780512486724179
376,0.02153540552694272,0.03775410885060165
377,0.02150010460216413,0.03772526498862902
378,0.02148808110971454,0.03771851108958867
379,0.02147935112644631,0.03771372788390481
380,0.02142312164079322,0.03767343842191687
381,0.02140325841490933,0.03766964029355555
382,0.02135783776035416,0.03761236134164517
383,0.02126669546516842,0.03755299997054567
384,0.02124175159891975,0.03754258720719952
385,0.02115806175336221,0.03748911449867534
386,0.02112020195371734,0.03747316609513963
387,0.02110575936273114,0.03746218084057916
388,0.02109957607172496,0.0374574107589511
389,0.02109758238109802,0.03745608047863825
390,0.021074967534837,0.03743592618319531
391,0.02104321156924002,0.037421465245882
392,0.02104254734045378,0.0374213868918029
393,0.02103661187769823,0.03741094080912608
394,0.02102687851384994,0.03740134474575046
395,0.02101065304851596,0.03739016564654783
396,0.02091240569479809,0.03731322988702812
397,0.02085495355885321,0.03726916729693432
398,0.02082675925663501,0.03725914400134438
399,0.02074991678726171,0.03719859522478185
400,0.02071943748190535,0.03717497283260099
401,0.02068888046504834,0.03714775140113954
402,0.02062951959145807,0.03707355260767237
403,0.02061107864003178,0.03706075706915615
404,0.02054459285841667,0.03702466600139879
405,0.02053034106791407,0.03697286613941938
406,0.02050956586100101,0.03696232166971015
407,0.02050399062220007,0.03696011280208748
408,0.02047245051570929,0.03693103616564117
409,0.02045481823844962,0.03692098761491985
410,0.02044536853788373,0.03691357057975691
411,0.02042611417683661,0.03689411373838943
412,0.02038850633166536,0.03687168025614332
413,0.02036791281656635,0.03685076855306498
414,0.02035568935330623,0.03684342708148525
415,0.02035314696266884,0.03684220474139791
416,0.02034521408312613,0.03683717849904349
417,0.02032310073162514,0.03682980287505484
418,0.02027739261098471,0.03675447830216843
419,0.0202644665108905,0.03674446679363334
420,0.020191909623468,0.03663438535220767
421,0.02016809855769805,0.03660068833232796
422,0.02014155375100449,0.03657872981899984
423,0.02009834219007621,0.03655914496399331
424,0.020035203022121,0.03653055175793485
425,0.02000127806287914,0.03651261875361397
426,0.01998099979031569,0.03649425558755209
427,0.019932631283926,0.0364517409112793
428,0.01981903368314011,0.03634470923341029
429,0.01978756233909676,0.03632457353545124
430,0.01969655888488108,0.03624375635777397
431,0.0196444614798727,0.0362094416943866
432,0.01962143596748342,0.03617869765977303
433,0.01955801914581871,0.03608841681426071
434,0.01951901892360868,0.03605655450069696
435,0.01949203382080272,0.03601837061568581
436,0.01947659639884691,0.03601307046745434
437,0.01946905135514857,0.03599956332812419
438,0.01943185332807871,0.03598225082991541
439,0.01943133012503978,0.03598234004524857
440,0.01943083152088863,0.03598194189134162
441,0.01937417110055032,0.03592715872606233
442,0.01930622699898867,0.03589367639744834
443,0.01924782499648309,0.03583928849093333
444,0.01913796844565877,0.03575674821174118
445,0.01912248121486601,0.03574874944427844
446,0.0190992679599913,0.03572298118568696
447,0.01908914727403993,0.03571521522590117
448,0.0190234442713259,0.03566113248917892
449,0.01898291833133712,0.03564332398533528
450,0.01892883728045246,0.0356165931713856
451,0.01886209847295167,0.03555660316185286
452,0.01881124789672641,0.03551317818196406
453,0.01880732826636144,0.0355104439740151
454,0.01879135999648093,0.03550287848684901
455,0.0187125173040014,0.03544568393878227
456,0.01869888527644597,0.03543754786607243
457,0.01862414109971937,0.03535677517576941
458,0.0186149760731946,0.03534720935717987
459,0.01855138797797622,0.03526686135224124
460,0.01851879926821817,0.03522508721112177
461,0.01847480721170848,0.03519400408418639
462,0.01846835648110162,0.03518842107090358
463,0.01845391570388587,0.03517796091211856
464,0.01844143209284509,0.03517472026293336
465,0.01839745969397655,0.03512915586804242
466,0.01836106486059122,0.03510502383911538
467,0.01833255580525527,0.03509335898182801
468,0.01831801923207643,0.03508720951281181
469,0.01828592852577848,0.03506165435942109
470,0.01825404749743622,0.03504562474867345
471,0.018243953683403,0.03504025892756597
472,0.01823315713518792,0.03503843339525584
473,0.01822304036055808,0.03503423982267642
474,0.01818978218322585,0.03502400072087083
475,0.01816910238379042,0.03502515447850098
476,0.01815484681065177,0.03502473926241231
477,0.01814907670905306,0.03502279065265952
478,0.01814656709531361,0.03502066454754953
479,0.0181315088763387,0.03501361577957639
480,0.01813105262130017,0.03501350642929436
481,0.01812507748116821,0.03501148859910455
482,0.01809999548256764,0.03499311205958705
483,0.01805452482385561,0.03497339612376724
484,0.01802541517273159,0.03495019364703651
485,0.01799227697162076,0.03492852533056851
486,0.01797488421398263,0.03492345126644045
487,0.01795595153653886,0.03491552120020815
488,0.01792421058541561,0.03488147521606198
489,0.01788135865927661,0.03484219431601667
490,0.01786300065075539,0.0348326581922084
491,0.01786006218874333,0.03483121074570734
492,0.01779811704409523,0.03479441279551778
493,0.01771209311607561,0.03475053038953453
494,0.01765742234177698,0.0347002399707825
495,0.01762837000798205,0.03467428868945838
496,0.0176272623018525,0.03467354236590928
497,0.01761811632335217,0.03466295229674721
498,0.01761692331043487,0.03466245954730095
499,0.01759497236904038,0.03465333358916158
500,0.01758117141468882,0.03464634871370583
501,0.0175410248273784,0.03458150540890701
502,0.01750511993005493,0.03456178521801261
503,0.01747464476846469,0.03453477118525182
504,0.01744621092126609,0.03452300199401572
505,0.01739987013562681,0.03445044389007106
506,0.01739845757717749,0.03444926486006145
507,0.01737616400109538,0.03443661906716328
508,0.01735456960392411,0.0344075636684003
509,0.01734094777789741,0.03440175164963287
510,0.01731870982619468,0.03439338991240304
511,0.0172455836506779,0.03435393761473229
512,0.01721696998880469,0.03432853245931076
513,0.01714543499074119,0.0342789203417857
514,0.01709865718849425,0.03419236377557437
515,0.0170738068297263,0.03416989150625391
516,0.01702995482716161,0.03413520103664752
517,0.01701727949348591,0.03412876715237354
518,0.01694991304413197,0.03407811947910666
519,0.01689138109141917,0.03402079223386295
520,0.01684046115963963,0.03396978102660232
521,0.01680793727020473,0.03395089634491325
522,0.01677089567340339,0.03391477395723424
523,0.01675452158449938,0.03390952587573994
524,0.01668179056688026,0.03383605368776882
525,0.01664930929672169,0.03381324081099719
526,0.01662335641877059,0.03379225677350275
527,0.01655348300887928,0.03377365801642148
528,0.0165330426893414,0.0337649031559649
529,0.01650476708719672,0.03375113990999483
530,0.01647744002482467,0.03373509400534168
531,0.0164152320894771,0.03368557390538129
532,0.01638876696107282,0.03367179187659235
533,0.01636234134968333,0.0336509624777136
534,0.01629644083238324,0.0335797438106121
535,0.01625104786311417,0.03352669330616445
536,0.01623791664434381,0.03352225441553731
537,0.01622788388426557,0.03351750266147344
538,0.01622273696439071,0.03351771602334821
539,0.01621439901475574,0.03351543930845003
540,0.01621184959833731,0.03351386838064306
541,0.01620820658236797,0.03351154726638195
542,0.01617138203854499,0.03346979591615808
543,0.01616698160397667,0.03346955241822075
544,0.01614010637782132,0.0334485588120326
545,0.01612396103476394,0.0334428376395576
546,0.01608376150465767,0.03342443137983607
547,0.01602722196898352,0.03339714357368678
548,0.01599361271186671,0.03337375287726042
549,0.01597562164691834,0.03336503756917872
550,0.01594908007056375,0.03333886569600085
551,0.01591961721160975,0.03331072981803553
552,0.01589522318007416,0.03329772736624725
553,0.01588645417106012,0.03329214361330638
554,0.01587031366501739,0.03328251421852761
555,0.01585738019099716,0.03327359653085906
556,0.01584628404719002,0.03326460587974596
557,0.0158459402077339,0.0332645112043141
558,0.01581799400174683,0.03324267334436445
559,0.01577374284161062,0.03322173690075214
560,0.01573591584756958,0.03320953204546458
561,0.01569312878140088,0.03316333545168236
562,0.01564149701267875,0.03313304286970518
563,0.01562396360110495,0.03312124270703967
564,0.01560995983283449,0.03311078971400131
565,0.01558107917081715,0.03309408126338429
566,0.01554667928440776,0.03305716910713278
567,0.01552247896585451,0.03304493380656213
568,0.01550036527687865,0.03302309153498084
569,0.01547661320103654,0.03300009436068259
570,0.01544977905597326,0.03298089512898261
571,0.01542791910906093,0.03296695061737234
572,0.01541752562858772,0.03296381625666619
573,0.01539134295176214,0.03294458042424095
574,0.01535322345487083,0.03292476010067687
575,0.01530181594038301,0.03290863388055075
576,0.0152908656465704,0.03290261956989259
577,0.01527994546678534,0.03289755557182675
578,0.01526287195287114,0.03289016412647437
579,0.01525635879478428,0.03288733962665856
580,0.01524096786101649,0.03288673307214685
581,0.01523429677969211,0.03288675048186594
582,0.01520852244029169,0.03287473693445247
583,0.01520459732800152,0.03287333175099568
584,0.01519565916986175,0.03286564632390482
585,0.01516690028389329,0.03284617243538868
586,0.01516155036673364,0.03284380037250197
587,0.01515261218301062,0.03283866995765045
588,0.01512164134209767,0.03282504462228652
589,0.01511988049808095,0.03282501106496943
590,0.01509891522946903,0.0328103475210136
591,0.01507067639220154,0.03279567264228812
592,0.01505697441103839,0.0327874696894894
593,0.01503785413149411,0.03277040684396641
594,0.01502032515821492,0.03275202183511527
595,0.01499445449381583,0.03273617742554408
596,0.01497721750076988,0.03272478753816954
597,0.01496761344722784,0.03271864961713484
598,0.01494076800837246,0.03270107673379426
599,0.01489315270485632,0.03267746581822558
600,0.01488894501759446,0.0326749988411166
601,0.01488711184730879,0.03267576850028282
602,0.01486516426688164,0.03266184547710671
603,0.01486349188206582,0.03266078589437329
604,0.01484128424317598,0.03264844494582794
605,0.01480840666227756,0.0326005923755831
606,0.01477790745631151,0.03257005791215849
607,0.01476482291510551,0.03256058567363071
608,0.01469973399421802,0.03251919910999373
609,0.01466982719715152,0.03247436721128621
610,0.01462921807752384,0.0324551908985946
611,0.0146172839859013,0.03245725250295422
612,0.01461095090693799,0.03245236016427881
613,0.01458595004598555,0.03240477247532662
614,0.01457917893816068,0.03240022540759654
615,0.014531556302831,0.03236443284127084
616,0.01451757766028971,0.03235890464356955
617,0.0145148461127068,0.03235765636423123
618,0.01450535426243697,0.03236063898627154
619,0.01450448101580303,0.03235873360525929
620,0.0145042152733792,0.03235860745917225
621,0.01448552683666435,0.03233850776254969
622,0.01447381624995563,0.03233160656113696
623,0.01445549489082128,0.03231916301439606
624,0.01441470922265189,0.0322871344719318
625,0.01439456078522684,0.03227002180106742
626,0.01435669180649382,0.03224393301209706
627,0.0143353827593048,0.03223825225127917
628,0.01431651455425149,0.03222973143154638
629,0.01430829040326081,0.0322251740925238
630,0.01428682563041508,0.0322099274050618
631,0.0142371781212997,0.03215234806368311
632,0.01422491862672644,0.03214004324774514
633,0.01421299017737596,0.03213453540738498
634,0.01420761603085681,0.03213276576644371
635,0.01420318504829774,0.03213083193806936
636,0.01418708263345778,0.03211975636248742
637,0.01416866999239286,0.03210957421910967
638,0.01415799327071942,0.03209988898668227
639,0.01414184926101158,0.03209253984558313
640,0.01406471939492782,0.03201427164055183
641,0.01404833920918276,0.03200262230197344
642,0.01401002753711931,0.03198174816881096
643,0.01398949341465987,0.03196827975453074
644,0.01398054326097438,0.03196689732077771
645,0.01396250791174435,0.03195758409278839
646,0.01392710402421383,0.03193397137583021
647,0.01389667612021462,0.03191602868307145
648,0.01388046335335648,0.03190583794312812
649,0.01383362407276561,0.03183648230440796
650,0.01380279258131694,0.03182372960938185
651,0.01375935353371112,0.03179931469188211
652,0.01368546045365301,0.03172690757671985
653,0.01364060443855403,0.03172878851570366
654,0.01361749215965345,0.0317157362024651
655,0.01359655927832065,0.0317043713340051
656,0.01359451659231816,0.03170419909276759
657,0.01355985737698824,0.03168371485858635
658,0.01354366123582134,0.03166945796629889
659,0.01353540474500656,0.03166934734458039
660,0.01353514374977375,0.03166918222744566
661,0.01353323755040455,0.03166759128747697
662,0.01352865028938117,0.03166816208691416
663,0.01352004386074929,0.0316669292882292
664,0.01349370926329521,0.03164663357747307
665,0.01346057660586004,0.0316124208804454
666,0.01344932779389689,0.0316031401906867
667,0.01344213722148748,0.03160292387065736
668,0.01344187197565212,0.03160285016513381
669,0.01344163497529338,0.03160272626814645
670,0.01343865992399155,0.03159900957129029
671,0.01343007652665196,0.03159232114845642
672,0.01341934028015716,0.03158243411080482
673,0.01341902913076034,0.03158229214740956
674,0.01341855076122623,0.0315823645741153
675,0.01341833859349969,0.03158236319581084
676,0.01341793418721159,0.0315821583620985
677,0.01339980142200748,0.03157019354721673
678,0.01338628577641578,0.03155872509954523
679,0.01338101583482616,0.03155833605333116
680,0.0133723191088892,0.03155283865006235
681,0.01336304930771361,0.03154809289809068
682,0.01331407055408738,0.03151322194663216
683,0.01327875921404051,0.03146775488358047
684,0.01322410886681898,0.03140124978223963
685,0.013208922822038,0.03139202646671466
686,0.01316613687570283,0.03132338318202595
687,0.01313952086408959,0.03131517315003375
688,0.01311901201446508,0.03129870844733761
689,0.01309208029754349,0.03127435302365474
690,0.01306904228025797,0.03126478093249528
691,0.01304982885028865,0.03125004628039559
692,0.01303290671500069,0.03123992132216074
693,0.01301227474795914,0.03122955597909862
694,0.01297204491184045,0.03119290112469892
695,0.01294627796160881,0.03117780371062511
696,0.01291112334480071,0.03113806827210851
697,0.01290739671202012,0.031137458645823
698,0.01290504924437497,0.03113546372274442
699,0.01289358375249292,0.03112994424143975
700,0.01289337187727256,0.03112996887813508
701,0.01288687511927981,0.03113263573257564
702,0.01288430334383204,0.03113041221897488
703,0.01287095461988725,0.03112440356108749
704,0.01285366927675574,0.03111130053311552
705,0.01283789834744069,0.03110620978875694
706,0.01280664751620528,0.03107765574908081
707,0.01278967745593059,0.03106808129056614
708,0.01276123583184464,0.03105888368755388
709,0.01275677511670806,0.03105930094880979
710,0.01273820883293718,0.03104306144724404
711,0.01271069076538387,0.03103384558555219
712,0.01269688478364242,0.03102770224620574
713,0.01268941463193549,0.03102525420182905
714,0.0126557950358599,0.03099669373042759
715,0.01263840845920586,0.03098094548324436
716,0.01260380595429342,0.03097143282700513
717,0.01259876525568459,0.03096864735714964
718,0.01259844286063483,0.0309687186192364
719,0.01257122878725561,0.03095232235185974
720,0.01256860022302428,0.03095034346425087
721,0.01256629555960662,0.03094810423085153
722,0.01254825185495742,0.0309282608122626
723,0.01254064986493149,0.03092355105212297
724,0.01250566743042359,0.03090324687355989
725,0.01246545920224954,0.03086732744666715
726,0.01245114236350782,0.03085956724250238
727,0.01241608359610885,0.03082553424735286
728,0.01237266265222641,0.03078649449902185
729,0.01232717822657981,0.03074755150636154
730,0.01231596624764599,0.03074017047471656
731,0.01229001627743669,0.03072686245051387
732,0.01227968057265426,0.0307148141559488
733,0.01226356583351081,0.03070640166816075
734,0.01225348229557748,0.03070343316023642
735,0.01222864955113519,0.03069514139596655
736,0.01220851497088246,0.03068846318934263
737,0.01217268405425668,0.03065177612722887
738,0.01216134196171008,0.03064457466905912
739,0.01214067762723867,0.03062703386679527
740,0.01211531993070707,0.03062082592032242
741,0.01209432267616623,0.03061215179803734
742,0.01208281132938999,0.0306100897925766
743,0.01205834502364013,0.03059325953737608
744,0.01205217050568527,0.03058969439675673
745,0.01203705894050091,0.03058274890482551
746,0.0120184557966247,0.03057840720993719
747,0.01200872741051687,0.03056940278396117
748,0.01199558576916674,0.0305616148157516
749,0.0119942306251875,0.03056083916977654
750,0.01198178947182476,0.03055898941375567
751,0.01197284609818209,0.03055799471654385
752,0.01197235174179132,0.03055832333703249
753,0.01196947008757723,0.03055608912256801
754,0.01196292116749528,0.03055080580224451
755,0.01195166178991561,0.03054497927278445
756,0.0119505483364522,0.0305461608641099
757,0.01194853130626648,0.03054520193357241
758,0.01194658192067824,0.03054828202008019
759,0.01194641019614624,0.03054827360501996
760,0.0119376678794598,0.03054493569437612
761,0.01190782614931507,0.03052014479881802
762,0.01187682674119363,0.03050936320611109
763,0.01185606366606344,0.03051502577027764
764,0.01185374977447339,0.0305136874552343
765,0.01183426149713316,0.03050715118110981
766,0.01182788972461398,0.03050477651550681
767,0.01179636971243074,0.03049204187845512
768,0.01176910451095602,0.03047055474903221
769,0.01175294234821041,0.03046342287017035
770,0.01174219808000309,0.03045663742967271
771,0.01173232462208702,0.03044764287153513
772,0.01171332504248025,0.03043475929107118
773,0.01168134298329308,0.03040027346216457
774,0.01167164208054769,0.03039518564483745
775,0.01165630968091004,0.03038545633911962
776,0.0116369318063766,0.03037419386434712
777,0.01162777201246877,0.03036829664308384
778,0.01160492444670928,0.03035350610914594
779,0.01159105224947749,0.03034985543340485
780,0.0115793801298921,0.03035036293972599
781,0.01153882536263112,0.03032271084361381
782,0.01152091311488613,0.03031544262753827
783,0.01149184632981189,0.03030384552950452
784,0.01146885756540755,0.0302951068427098
785,0.01144967590227863,0.03029030063170358
786,0.01142267123397311,0.03026940146870718
787,0.0113995323848509,0.03026476650908786
788,0.0113936821763813,0.03026234840374085
789,0.01139054091388509,0.03025896809823612
790,0.01138599831776377,0.03025931643899722
791,0.0113487264819334,0.03024994569616632
792,0.01131673938908283,0.03023410727596802
793,0.01130414835135764,0.0302281704935567
794,0.01128632419488004,0.03021405710076219
795,0.01125242100703981,0.03019974847134394
796,0.01124157550711178,0.03019714626914092
797,0.01123365081650275,0.03019196817961333
798,0.01122460106210835,0.03018629598873497
799,0.01121263995711135,0.03017680979017822
800,0.01118260331121375,0.03013165343658595
801,0.01118073852553825,0.03013056567520583
802,0.01117002301318504,0.03013043727771828
803,0.0111564994830549,0.0301224661595334
804,0.01114845163975562,0.03012144744057765
805,0.01114827991828932,0.03012144074129815
806,0.01113239369585035,0.03011071972919742
807,0.0111279897094214,0.03010740486551745
808,0.01111756110366193,0.03009977321033855
809,0.01109224917230988,0.03007951347566666
810,0.0110756993799356,0.0300738623785309
811,0.01107082909515915,0.03007362367202144
812,0.01104548450171918,0.03006750152454594
813,0.01104192871644764,0.03006536844149706
814,0.01103288438702632,0.03005837204155054
815,0.01102827537121745,0.03005473645674568
816,0.0110278671409751,0.03005494731332058
817,0.01102771160961489,0.03005502893144242
818,0.0110275057474335,0.03005496897039411
819,0.01102175490412239,0.03005139910845006
820,0.01102160764008086,0.03005139417899189
821,0.01101867805225892,0.03004827106975775
822,0.01099875364810682,0.03003710845558024
823,0.01098899809998082,0.03003197809876296
824,0.01094347964676749,0.0299905903885757
825,0.01092727011607801,0.02996965181479062
826,0.01092306754635994,0.02997031312444369
827,0.0109114938706544,0.02996125608131631
828,0.01090370678490167,0.02995526604460959
829,0.01089392478419297,0.02995135819465376
830,0.01088100301553356,0.02994575125817588
831,0.01086237471800788,0.02992632369751211
832,0.01084279603907945,0.02990492583021827
833,0.01083238463623264,0.02990146972918587
834,0.01082773574725497,0.02989954094413864
835,0.0108045676243083,0.0298922658920826
836,0.0108043282998894,0.02989216992709386
837,0.01080417927687113,0.02989216440572737
838,0.01079547544091138,0.02988670622120478
839,0.01078017086437407,0.02987058812966049
840,0.01076980271404644,0.02986609862784284
841,0.01074556244533897,0.02984851680940324
842,0.01073024996039639,0.02984556993244005
843,0.01072635507965371,0.02984114415110232
844,0.01071433381602756,0.02983433156667646
845,0.01070280571045805,0.02982749069009972
846,0.0106973333034747,0.02982514819270635
847,0.01065451150957191,0.02979580543836313
848,0.01064413633313598,0.02978772291396061
849,0.01061151688920779,0.02975688919651822
850,0.01061130690381616,0.02975675376084169
851,0.01060621808672251,0.02975151335577721
852,0.01060217490061409,0.02974815338276337
853,0.01060181658083284,0.02974784081240811
854,0.01060148458723653,0.02974748562943545
855,0.01058196391166121,0.02973384738967457
856,0.01056453479175149,0.02972540031967406
857,0.01056439524106803,0.02972539636199858
858,0.01055051361832983,0.02971664113817177
859,0.01055037910746218,0.02971664379942576
860,0.01054341385983412,0.02971097472786859
861,0.01053643526090231,0.02970526080127481
862,0.01052709027977682,0.02970461956806343
863,0.01050999400396661,0.02968414909329398
864,0.01049424531560153,0.02967689486370963
865,0.01048196605565116,0.02967078805503756
866,0.01047078798968075,0.02966500921597946
867,0.0104569804341348,0.02966189473362091
868,0.010446002766899,0.0296546111509403
869,0.01043531684569712,0.02964540313434401
870,0.01043373897846627,0.02964592941059508
871,0.01042518903808454,0.02962750185392607
872,0.01041735945094225,0.02962753940015386
873,0.01040639350247969,0.02961795301935024
874,0.01039060768968528,0.0296086976112814
875,0.01038865850201391,0.0296073847419471
876,0.01037807465062632,0.02960028687544001
877,0.01034634381938736,0.02956421742077592
878,0.01033599446586309,0.02956110655433675
879,0.0103207846901559,0.02955387671301512
880,0.01030657263828992,0.02954094771923416
881,0.01030493702225183,0.02954018843589678
882,0.01029012006047048,0.02953544907910005
883,0.01028822176276276,0.02953428429965884
884,0.01028661042333177,0.02953445109049645
885,0.01028499031926353,0.02953442001173792
886,0.01026866743590012,0.02952111459527743
887,0.01025223332144899,0.02951156560633242
888,0.01023262727810505,0.02949619154563309
889,0.01021853273714749,0.02949491571574143
890,0.01021185453578305,0.02949276533139338
891,0.01020024487250924,0.02948453598851487
892,0.0101875746940667,0.02947608760818063
893,0.01018246229364436,0.02946835500607347
894,0.01016737077572981,0.02945471742240102
895,0.01016551533992748,0.02945363577743558
896,0.01015116878009806,0.0294483245805967
897,0.01013968597732779,0.02944274624482707
898,0.01013261638623536,0.02944037290179808
899,0.01012451441936791,0.02943818206630046
900,0.01012129930514236,0.02943674048871574
901,0.01010140001102383,0.02942804338423569
902,0.01007045044508226,0.02941535837770672
903,0.01006201644812576,0.0294111895179012
904,0.01005214869627774,0.02939973367476761
905,0.0100519509634912,0.02939973485516543
906,0.01002197413544031,0.0293756757419629
907,0.01001531341123206,0.02937066506657311
908,0.00998804136467868,0.02936163644843725
909,0.00998173787487666,0.02936141578243397
910,0.0099795062566345,0.02935944615183643
911,0.0099793281322915,0.02935941013741316
912,0.00997627052391262,0.02935757269680765
913,0.00996864811483518,0.02935353892694987
914,0.00995521008487449,0.02934770067527643
915,0.00992677593908138,0.02933681448107497
916,0.00991184757534282,0.02932460708843482
917,0.00990080094284389,0.02932241944795176
918,0.00989559938374462,0.02932107389110875
919,0.0098753845244107,0.02931050202835001
920,0.0098498529584851,0.0292884376487704
921,0.00983879104169618,0.02928016083990185
922,0.00981598870192967,0.02925573191704899
923,0.00979552812755485,0.02924277057001813
924,0.0097847271935131,0.02923492078304788
925,0.00977334000133386,0.02922483619259925
926,0.00975310020168014,0.02920953894739022
927,0.00974764544424394,0.02920741397695335
928,0.00974718614209172,0.02920694524647176
929,0.00974627389100808,0.02920664495586673
930,0.00973996694621523,0.02919676215543208
931,0.00973696823687089,0.02919732036858821
932,0.00972814795877348,0.02919180382191726
933,0.0097273010233775,0.02919189142525489
934,0.00970626762672436,0.02917619345849027
935,0.00967444393208378,0.02915634173123956
936,0.00966702639244007,0.02915223479938487
937,0.00965236873200109,0.02914448883054935
938,0.00963004970267034,0.02913703689583167
939,0.00962149034258928,0.02913190461458422
940,0.00960966844543751,0.02912379239233313
941,0.00960095429574293,0.02912185216428738
942,0.00959146486215547,0.02911487397288929
943,0.00959053934409393,0.0291143215592148
944,0.00959042823377988,0.02911425008712698
945,0.00956237721632358,0.02909081889624968
946,0.00956226949701885,0.02909058448911829
947,0.00955914662752253,0.02909017309277888
948,0.00955711549243451,0.02908947480968557
949,0.00953919070933135,0.02907766192114335
950,0.00952787215683985,0.02906719335771711
951,0.00951861900187286,0.02906552748913101
952,0.0095057554891066,0.02905364922171402
953,0.00948541879182308,0.02904236599890844
954,0.00947195919272327,0.0290395876969876
955,0.00946285029950447,0.02902751381280856
956,0.00945253117805627,0.02902048606511326
957,0.00944335835277799,0.02901618543720517
958,0.00943601574847391,0.02900516778995429
959,0.00941528116097172,0.02899015892601258
960,0.00940926160918953,0.02898419105667222
961,0.00940490534648626,0.02897927840705453
962,0.00939344189612278,0.0289749326370077
963,0.00939057668263562,0.02897343867707641
964,0.00937152994791892,0.02895901735918225
965,0.00936499218663387,0.02895463432974964
966,0.00935305978773692,0.02894916621740733
967,0.0093463665186109,0.02894965479979744
968,0.00933988456277635,0.02894806371595132
969,0.00933142075386034,0.02893926787455463
970,0.00932371636109529,0.02893442588077885
971,0.00930884534594833,0.02892511838794243
972,0.00930264214409421,0.02891302527652407
973,0.00929327371613653,0.02890945936460727
974,0.00928974164935663,0.02890752028937298
975,0.00927157418936411,0.02889831575483569
976,0.0092587786358287,0.02889388132451471
977,0.00925012000156806,0.02889085237783816
978,0.00922582931326962,0.02887833844507538
979,0.00921780260842771,0.02887446768607077
980,0.00921768922388215,0.02887444479724937
981,0.00921180648564788,0.02887096084138053
982,0.00920246121208481,0.02886796253291276
983,0.00920044042879404,0.0288674398203576
984,0.00918553525981579,0.02885748594042131
985,0.00918329024745029,0.02885638540642664
986,0.00918301220755119,0.02885628454796669
987,0.00917960715828749,0.02885150520160568
988,0.00917411535206658,0.02884785482828886
989,0.00917088748997752,0.02884647495816479
990,0.00916312528647325,0.02883870613185177
991,0.00913041013271236,0.02881784997558645
992,0.00912463377368079,0.02881329252680766
993,0.00909976147540113,0.02879070087790079
994,0.00909023226630384,0.02878590762681171
995,0.00908188757728902,0.02878509516926811
996,0.0090768997002365,0.0287839963614064
997,0.0090559395844995,0.02877029956576314
998,0.00904255251694374,0.02876823981856927
999,0.00904245313420299,0.02876823844435463
1000,0.00904235439304071,0.02876823839349135
1001,0.00904225574445033,0.0287682141081886
1002,0.00904216226251382,0.02876821401653645
1003,0.00902206131216809,0.02876481595447515
1004,0.00900427169897178,0.02875474775464448
1005,0.00898938856214087,0.02875123089240356
1006,0.00898236705239865,0.02874819274097102
1007,0.00898227066193522,0.02874819031140281
1008,0.0089806904921374,0.02874683535097437
1009,0.00897603077664866,0.02874606472797029
1010,0.00896683752581213,0.0287432208353819
1011,0.00896674812179444,0.028743102758231
1012,0.00895883875768395,0.02873654103713121
1013,0.00894587728099046,0.02873133150332242
1014,0.00893989154391144,0.02872968483350226
1015,0.00893054069986451,0.02871793782047048
1016,0.0089284501261912,0.02871676251260553
1017,0.00891360704103825,0.02870518512105764
1018,0.0089127096618995,0.02870442359949981
1019,0.00891262443760705,0.02870444570467872
1020,0.0089123592730107,0.02870454614628385
1021,0.00890771979322132,0.02870326999772091
1022,0.00890032251759841,0.02869995161496469
1023,0.00889884648185616,0.02869974479975576
1024,0.00889752563367405,0.02869817975172836
1025,0.00888821139084874,0.02868857627119684
1026,0.0088806469315313,0.02868740311205508
1027,0.008875418189281,0.02868520453337084
1028,0.00885195316008151,0.02867042182264059
1029,0.00884643526227356,0.02866511033293091
1030,0.00883787930231801,0.02866148589398703
1031,0.00880900285959308,0.02864043725633318
1032,0.0087936367557005,0.02863055751823312
1033,0.0087905431610366,0.02862869386577719
1034,0.00878838828098445,0.02862805702543758
1035,0.00878355354031364,0.02862784559452297
1036,0.00877770991436693,0.02862706797935154
1037,0.00875803851997605,0.02861607873574959
1038,0.00874405213904756,0.02860620397537391
1039,0.00873973001243472,0.02860973292226361
1040,0.00873235148857902,0.02860780684817767
1041,0.00873070163960354,0.02860871501306439
1042,0.00872728200979164,0.02860784501582957
1043,0.00872383556736032,0.02860535729373375
1044,0.00871868471251355,0.02860322007417073
1045,0.00870654340374576,0.02859843239240549
1046,0.00870089262201428,0.02859534447500405
1047,0.0086970989449454,0.02859314999994918
1048,0.00868528678935588,0.02858789215003195
1049,0.00867301390816519,0.02858339841985824
1050,0.0086678228765621,0.02858003789280446
1051,0.00864387683400842,0.0285654992142835
1052,0.008640494508117,0.02856380210308972
1053,0.00861642124087988,0.02855702556850285
1054,0.00860678136128538,0.02855473203148381
1055,0.00858637237564908,0.02855843211242052
1056,0.00856922144314186,0.02855930922672043
1057,0.00855957643911235,0.02855358963496683
1058,0.00854399672832808,0.02854740531142213
1059,0.0085357680485392,0.02854400011302806
1060,0.00850635288117524,0.02853282249877653
1061,0.00849741844946816,0.02852625067459529
1062,0.00849061556452105,0.02852200473929623
1063,0.00847360536436275,0.02851138957148472
1064,0.00846670174437119,0.02850830629899561
1065,0.0084607640278522,0.02850585053289749
1066,0.0084545064461501,0.02850235716866614
1067,0.0084503436711117,0.02850101584841027
1068,0.008442633959581,0.0284988215693804
1069,0.00843854412638968,0.02849628615981221
1070,0.00843117141869217,0.02849304673202216
1071,0.00841317915173158,0.02848706616384768
1072,0.00840658064122411,0.02848231020353911
1073,0.00840404422716311,0.0284831429016979
1074,0.00839866326353097,0.02848325507117031
1075,0.0083969756675317,0.02848264923466827
1076,0.00839580833795344,0.02848231519860584
1077,0.00838307216615093,0.02847225122432544
1078,0.00836516397193777,0.02846094959821924
1079,0.0083500472285593,0.02845039449525071
1080,0.00834554675318474,0.02844806821586977
1081,0.00833522027763494,0.02843908616347135
1082,0.00833101937734248,0.02843655436054461
1083,0.00832851956254165,0.02843722791532245
1084,0.00831595172466918,0.02842598529017349
1085,0.00830351682007089,0.02843489284301904
1086,0.00829624719469508,0.02843275213990909
1087,0.00828408706499381,0.02842042012468611
1088,0.00827596971676898,0.02841806022944831
1089,0.00827389910658026,0.02841813207528008
1090,0.00826440367501431,0.02841430157975855
1091,0.00826093633454207,0.02841163783706228
1092,0.00825532102407169,0.02841158732912853
1093,0.00824677957947766,0.02840949470614608
1094,0.00823752213202396,0.02839781512282944
1095,0.00823027431503474,0.02839315561975448
1096,0.00821435315641672,0.02838709408279525
1097,0.00820532394047416,0.02838495815909288
1098,0.00819707499912862,0.02837914655758274
1099,0.00819590987496801,0.02837839268249192
1100,0.00819549091262795,0.02837838000197375
1101,0.00819150937605674,0.02837642951586984
1102,0.00819142582943918,0.02837642264280049
1103,0.00816948553282578,0.02838858110662443
1104,0.00816418549416365,0.02838814461243681
1105,0.00815981914990449,0.02838030055325308
1106,0.00815942415888637,0.02838039379524319
1107,0.00815512888490197,0.02837817514379612
1108,0.00815505098316338,0.02837817102406258
1109,0.00815095250460163,0.02837349778136001
1110,0.00813728028414395,0.02836416395938727
1111,0.00813240516815541,0.02836236891101409
1112,0.00812523799648959,0.0283603690588636
1113,0.00811751148288731,0.0283615408931053
1114,0.00810974103445367,0.02835855341618735
1115,0.00809424766992781,0.02834531683305525
1116,0.00809159741493989,0.02834506241149704
1117,0.00807713366472922,0.02834104768422175
1118,0.00806517446089874,0.02833002329453848
1119,0.00805293813742847,0.02832230560716173
1120,0.00804659964452544,0.02832334961305491
1121,0.00803408846407644,0.02831658940184865
1122,0.00802538112652734,0.0283144820733674
1123,0.00800338810667414,0.0282898334586924
1124,0.00799556961376624,0.02828640929138961
1125,0.00798734492154086,0.02827884012975139
1126,0.00797978927328717,0.02827713690334503
1127,0.00797151211434648,0.02827312382094557
1128,0.00797132341164528,0.02827322912998733
1129,0.00796269754464852,0.02827074145400802
1130,0.00795847141528832,0.02826756516689031
1131,0.0079528197419142,0.02826247544745831
1132,0.00794758874520123,0.02825898461563033
1133,0.00794714404163873,0.02825895673822168
1134,0.00794703948640402,0.02825894034427903
1135,0.00794568133059504,0.02825872511763034
1136,0.00794560772358438,0.02825872079699682
1137,0.00793597096862206,0.02825237235840146
1138,0.00792788975981224,0.02824335864136876
1139,0.00792737863611424,0.02824314079975524
1140,0.00791537766325079,0.02823358418451475
1141,0.00790024956145785,0.02822066217638915
1142,0.00789239840308154,0.02822246045080209
1143,0.00787105268393383,0.02821295217882928
1144,0.00785435044498936,0.02820501121478157
1145,0.0078437987878579,0.0281964353690542
1146,0.0078361835393951,0.02819319174853804
1147,0.00783448378000445,0.0281934034513926
1148,0.0078264922702554,0.02819708127515754
1149,0.00781897169836589,0.02819255888140247
1150,0.00781321567015618,0.02818939101922542
1151,0.00781228937035769,0.02818848874642286
1152,0.0078099349751273,0.02818769487876274
1153,0.00780898988740185,0.02818746252929949
1154,0.00780317219961967,0.02818687081847984
1155,0.00780310027996259,0.02818687330171211
1156,0.00780196334486051,0.02818716556438649
1157,0.0077987439601037,0.02818437797547257
1158,0.00779284571687485,0.02818690830545044
1159,0.00778544166704774,0.02817641402327257
1160,0.00778225236295738,0.02817294646873902
1161,0.00777142090337726,0.02817435453472993
1162,0.00775800252187011,0.02816729902780372
1163,0.00775096807652101,0.02816440478403486
1164,0.00773505633559456,0.02814638693035435
1165,0.00772627714204415,0.02814294417044399
1166,0.00771841318753034,0.02813949588990311
1167,0.00771594554854508,0.02813802042143597
1168,0.00771132390733007,0.02813474961779645
1169,0.00769991953842775,0.02813087853763593
1170,0.00769281826514026,0.02812412805775557
1171,0.00767959755668386,0.02811662760746822
1172,0.00767674141296587,0.02811572533740506
1173,0.00767407281617057,0.02811115037426858
1174,0.00766885816739067,0.02810720552016566
1175,0.00766637195799307,0.02810658122930105
1176,0.00765501575001927,0.02810270902295174
1177,0.00764674394268245,0.02809910191634875
1178,0.00762276920316874,0.02808224073368148
1179,0.00761157223640605,0.02807243580478675
1180,0.00760402255123521,0.02806912579487892
1181,0.00759171089090962,0.02806587347338906
1182,0.00758463282411093,0.02806558864432153
1183,0.00758297969740291,0.02806503894120948
1184,0.00757522093578658,0.02806200313727384
1185,0.00756576764590379,0.02805836682243889
1186,0.00754537232309443,0.0280481736469166
1187,0.0075413325158329,0.02804406702401938
1188,0.00753641206423523,0.02804062418729228
1189,0.00753283941210973,0.02803971765432695
1190,0.00753272611249184,0.02803967229386985
1191,0.00753257016325044,0.02803967437590755
1192,0.00752262938688379,0.02803176771152613
1193,0.00752051198759202,0.02803081826983795
1194,0.00752044480152192,0.02803081826969064
1195,0.00751877272865539,0.02802942406290447
1196,0.00751828817734203,0.02802908776840421
1197,0.00749132168304759,0.02800224649172462
1198,0.00748446619847949,0.02799903156859861
1199,0.0074815749356371,0.02799924987708567
1200,0.00747500477411631,0.02799299577952085
1201,0.00746340469959413,0.02798843195446929
1202,0.00745989572917033,0.02798802491176461
1203,0.00745522894804202,0.02798777367758286
1204,0.0074386794533609,0.02798178216092693
1205,0.00742997026083475,0.02797814919144156
1206,0.00741822038343317,0.02797437046456015
1207,0.00741395547291315,0.02797462059025041
1208,0.00741012475178356,0.02797401933208878
1209,0.00740298995921895,0.02797213442739745
1210,0.00738451507205099,0.02795871548857852
1211,0.00737698073559235,0.02795459521016546
1212,0.00736340320274448,0.02795079542476311
1213,0.00736119978807262,0.02795053122548871
1214,0.00734453936212606,0.02793937607517951
1215,0.00734316490800606,0.02793877162395606
1216,0.00732580647153048,0.02793515830963938
1217,0.00731573447934282,0.02793067951235563
1218,0.00731242940796151,0.02792781930083191
1219,0.00731027444628703,0.0279266197022604
1220,0.00729650417538402,0.02791679806059248
1221,0.0072874083122161,0.027908084523169
1222,0.00728573955425766,0.02790773301005316
1223,0.00728276272679286,0.02790701174079015
1224,0.00728269763097709,0.02790701412830378
1225,0.00727675499723143,0.02790520588322756
1226,0.00727266603272909,0.02790444841050414
1227,0.00727036171601716,0.02790389286367052
1228,0.00726327779213661,0.02790142057051801
1229,0.00726321187891915,0.02790142174434697
1230,0.00726259028347463,0.02790200556833107
1231,0.00725469505178382,0.02789658312043222
1232,0.00724571749336358,0.02788867650422807
1233,0.00724484070226835,0.02788853238053348
1234,0.00723751297182143,0.02788412953707398
1235,0.00723104956556685,0.02787902465746542
1236,0.00721684409738122,0.02787053809775538
1237,0.00721089629231882,0.02786891314968437
1238,0.0072019755198661,0.02786010633621045
1239,0.00719425899010792,0.02785724118159797
1240,0.00718099215843228,0.0278541017012223
1241,0.00717623189755109,0.02785118470675046
1242,0.00715887935132661,0.02783410235097831
1243,0.0071529243876862,0.02783356515686838
1244,0.00713840258536315,0.02782241521831226
1245,0.00713728070267182,0.02782166467647173
1246,0.00713713458609372,0.0278216449926918
1247,0.00713497995090961,0.02782012691461586
1248,0.00712439491921705,0.02781663799309263
1249,0.00712200471735461,0.02781626026185612
1250,0.00712189347398916,0.02781622084739082
1251,0.00712183247580701,0.02781622084827533
1252,0.00712177394944876,0.02781622084765291
1253,0.00712140908192325,0.02781586470333745
1254,0.00712108736082685,0.02781584182027209
1255,0.00712103090240739,0.0278158301822773
1256,0.00711918437709397,0.02781513314078779
1257,0.00711871587063029,0.0278153551356532
1258,0.00711854459180218,0.02781503416911336
1259,0.00711444800755174,0.02781205386507336
1260,0.0071143954059788,0.02781209221008682
1261,0.00710097624948274,0.02780761225389655
1262,0.00709771820158015,0.02780354556617946
1263,0.00709494403452571,0.0278040285428345
1264,0.00709130345133649,0.02779995281754105
1265,0.0070721980026751,0.02779286731482682
1266,0.00706657394259412,0.02778995214634589
1267,0.00705873379384472,0.02778990245889873
1268,0.00704251115730494,0.02778662476298916
1269,0.0070249479091754,0.02777993082900175
1270,0.0070091503525758,0.02777167615276191
1271,0.00699515287498982,0.02777148333839768
1272,0.00699321799168766,0.02777108010763561
1273,0.00698698105365556,0.02776921377389447
1274,0.00698524608712448,0.02776871856733316
1275,0.0069812440702638,0.02776634429254551
1276,0.00697835792858916,0.02776671298406415
1277,0.00696417311564669,0.02776010822615753
1278,0.00695135510392559,0.02775250202021331
1279,0.00693836831491063,0.02774900405457502
1280,0.00693438112562956,0.02774760033808596
1281,0.00693237384345002,0.02774684404476032
1282,0.00692301728214104,0.0277555609109262
1283,0.00692201350114723,0.02775587792859822
1284,0.00692134800817699,0.02775598568273577
1285,0.00691902622635985,0.02774981677234947
1286,0.00691893950362007,0.02774978914366651
1287,0.00690962894751291,0.02774148643732378
1288,0.00690689678447482,0.02774176006838616
1289,0.00690226092524785,0.02774186294897578
1290,0.00690075499597415,0.02774057214222228
1291,0.0068906915413519,0.02773602900884873
1292,0.0068897995786292,0.0277360026045083
1293,0.00688786459238954,0.02773601377679015
1294,0.00688741785054522,0.02773639351762883
1295,0.00688736448699227,0.02773640036614914
1296,0.00688731296253544,0.02773639639255724
1297,0.00688684900908055,0.02773667339232888
1298,0.00688415457657144,0.02773524335654649
1299,0.00687409196332826,0.02773139231608965
1300,0.00685949165146011,0.02772524909376113
1301,0.0068506615927696,0.02772864436479922
1302,0.00684484536109143,0.02772568921553576
1303,0.00683699074430496,0.02772311223888281
1304,0.00683146855256586,0.02772212111984125
1305,0.00682818809105964,0.02772077960856686
1306,0.00681629905353479,0.02771475879029103
1307,0.00681246805769828,0.02771271947948615
1308,0.00680523878989108,0.02770926413925069
1309,0.00679983371155534,0.02770860205140543
1310,0.00678379983055316,0.02770027129529234
1311,0.00677592142603718,0.02769626212362997
1312,0.00677130113563319,0.02769394112236107
1313,0.00676673096501396,0.02768758506784736
1314,0.00675871647094776,0.0276865252329327
1315,0.00674861275546433,0.02768361035274785
1316,0.00674071328299232,0.02768128959017506
1317,0.00672738874602914,0.0276757869832199
1318,0.00672209827757077,0.02767104055272555
1319,0.00671844127331815,0.02767072503018512
1320,0.00671291134106611,0.02766684294061964
1321,0.00670972228006562,0.02766599674541433
1322,0.0067069659660636,0.02766633431890227
1323,0.00670632765061418,0.02766620489671669
1324,0.00670455490593251,0.02766506956990188
1325,0.00670448360926627,0.0276650063393614
1326,0.00669909335011477,0.02766183873613807
1327,0.00669699727132905,0.02765970580754537
1328,0.00669439745729216,0.02765977531382696
1329,0.00668216575557659,0.0276633176598352
1330,0.00667964994451932,0.02765856080704004
1331,0.00667752755075691,0.02765812155758832
1332,0.00667496590215167,0.02765727545158979
1333,0.0066677659843328,0.02765614647028636
1334,0.00665514372682059,0.02765485078066522
1335,0.00664265646211085,0.02765098363064438
1336,0.00663678648097375,0.02764664593988961
1337,0.00662970119225222,0.02764447607514899
1338,0.00662057817629558,0.02764956820323157
1339,0.00660753703421352,0.02764353129583673
1340,0.00660221883982552,0.02764131508040801
1341,0.00659657350733517,0.0276360252529651
1342,0.00658983362108241,0.02763412320826801
1343,0.0065852533735261,0.02763129823080675
1344,0.00658287345005236,0.02762928484959691
1345,0.00658139834211911,0.0276290827533619
1346,0.00657600008552973,0.0276273719717799
1347,0.00657158197668399,0.02762482034820849
1348,0.00656909367059498,0.02762303644487443
1349,0.00656904246949795,0.02762306046042081
1350,0.00656893426685769,0.02762305779049871
1351,0.00656888602528362,0.02762305543372931
1352,0.00656854901490599,0.0276232127166303
1353,0.00656470303435777,0.02762249953978236
1354,0.0065596574617214,0.02762154250584916
1355,0.0065523440901447,0.02761719454854964
1356,0.00655219325203474,0.02761711521669018
1357,0.00655210274551198,0.02761712168395429
1358,0.00654881495371104,0.02761711296554939
1359,0.00654599922866198,0.0276158166249815
1360,0.00653412385480722,0.02761253044571715
1361,0.00652411416935431,0.02760652482546624
1362,0.00651791403663492,0.02760517404100666
1363,0.00651373753519197,0.02760490646392003
1364,0.00650141565061076,0.02759980475423309
1365,0.00649788510817017,0.02759973185742916
1366,0.00649275286618818,0.02759988623635545
1367,0.00648683287458478,0.02759629177128729
1368,0.006480172636773,0.02759547570045517
1369,0.00647734473681439,0.02759494788114828
1370,0.00647065270894711,0.02759550752824845
1371,0.00646418772518411,0.02758934830248036
1372,0.00646196584262831,0.02758844964850308
1373,0.00646065763875857,0.02758797474925108
1374,0.00645318925236094,0.02758516933592394
1375,0.00644124550089931,0.02757549789211694
1376,0.00643831874176752,0.02757240126139968
1377,0.00643177867771221,0.02756918126342825
1378,0.00642010514052621,0.02756191324813929
1379,0.00640569817792181,0.02755496408371145
1380,0.00640410365614229,0.02755409036758477
1381,0.00640401910382703,0.02755404919258128
1382,0.00639902057431167,0.0275527888162346
1383,0.00639326503687985,0.02755016583944484
1384,0.00638822719329263,0.027547849359379
1385,0.00638706961147781,0.02754783875338614
1386,0.00637198994567919,0.02753089204750587
1387,0.0063718254006702,0.02753057706026272
1388,0.00636791513719328,0.02752950920321152
1389,0.0063646609160898,0.02752889787166735
1390,0.0063595008808485,0.02752824919280673
1391,0.00635083631439797,0.02752676873690529
1392,0.00635078965970826,0.02752677079603934
1393,0.00634870116740584,0.02752650485881801
1394,0.0063376202688097,0.02752080355889281
1395,0.00633338069021958,0.02751953543360999
1396,0.00632830848683124,0.02751735606331615
1397,0.00632600063622878,0.02751713910393514
1398,0.00632391605511049,0.02751579364089427
1399,0.00631912053808007,0.02751385278972353
1400,0.00631594934373732,0.02751377391348698
1401,0.00630558106596037,0.02750820336255745
1402,0.00630304098007943,0.02750751349396649
1403,0.00629168801668223,0.02750098028873721
1404,0.00628890625479457,0.02750014448711675
1405,0.0062888605303003,0.02750014167986293
1406,0.00628151817626561,0.02749852977254923
1407,0.00627994966225978,0.02749751528406374
1408,0.00627448533097425,0.02749482672141984
1409,0.00627444239088944,0.02749479638147918
1410,0.00627440065187725,0.02749479653163779
1411,0.00627170557879853,0.02749402029654315
1412,0.00626574384736039,0.02749166912544173
1413,0.00626343439129718,0.02749088570828418
1414,0.00625268442815504,0.02748640149089921
1415,0.00625058693534764,0.02748686525589491
1416,0.00624732203701025,0.02748678512924539
1417,0.00624411991843642,0.02748603380607662
1418,0.0062280734319311,0.02748457193169644
1419,0.00622593262967129,0.02748474362277128
1420,0.00622330863369859,0.02748413323286375
1421,0.00621969561569099,0.02748215604438178
1422,0.00621471288884668,0.0274814347316735
1423,0.00621369109715027,0.02748137780723621
1424,0.00620980894230591,0.02748027312364626
1425,0.00619730401731703,0.02747339304234268
1426,0.00619409344321366,0.0274712340325038
1427,0.00618317657015352,0.02746718077549093
1428,0.00617129863586677,0.02745933661507696
1429,0.00615793065691015,0.02745585208655494
1430,0.00615616900243032,0.02745544330233019
1431,0.00615361956220392,0.02745347626139971
1432,0.00615301028048333,0.02745334028252516
1433,0.00614149721146649,0.02744977988025519
1434,0.00613588209180796,0.02744971206971481
1435,0.006127323188748,0.02744480959079422
1436,0.00611909179397936,0.02744130808137833
1437,0.00610777623418085,0.027435869645207
1438,0.00610768787157245,0.02743593231370237
1439,0.00610393913133781,0.02743561061846694
1440,0.00610196798642464,0.02743407409010511
1441,0.00609884455747438,0.02743039098054118
1442,0.00609047447971857,0.02742634764312421
1443,0.00607876329184321,0.02742134609488562
1444,0.00607316911776097,0.02741834537924676
1445,0.00607269767298228,0.02741785792224998
1446,0.00607129772397928,0.02741719864244905
1447,0.00606461499897181,0.02741296471145435
1448,0.00605803279291795,0.02741041584967009
1449,0.00604837427172912,0.02740042538679972
1450,0.00604528189720629,0.0273992391947257
1451,0.00604149381326715,0.02740161698646292
1452,0.00604132590285227,0.02740154980388594
1453,0.00603909412321507,0.02739977894786653
1454,0.00603833379965972,0.02739959921653847
1455,0.0060330258275885,0.02739658279395792
1456,0.00603211183201684,0.02739584050718574
1457,0.00603103342941296,0.02739522499875818
1458,0.00603058633189279,0.02739495954246459
1459,0.0060297513385812,0.02739436533698345
1460,0.00602922844199773,0.02739418336778023
1461,0.00602918975074385,0.02739418548173788
1462,0.00602756659079087,0.0273937924769285
1463,0.00602605969357051,0.02739268692547623
1464,0.00602602104532843,0.02739268412961781
1465,0.00602395832110273,0.02739257434824351
1466,0.00601235587548708,0.02738878007951449
1467,0.00600479750558597,0.02738567490376022
1468,0.00600428135422794,0.02738548727363781
1469,0.00599607331248704,0.02737935516547576
1470,0.00599594028236828,0.02737930476226861
1471,0.0059959030842987,0.02737930047421468
1472,0.00599325652922936,0.02737832840631693
1473,0.00599147184024523,0.02737627810284972
1474,0.00598419613206268,0.02737535167947874
1475,0.00598180679136508,0.02737284214386135
1476,0.00597853200644262,0.02737232068594127
1477,0.00597594724968664,0.02737195781729125
1478,0.00597591006229489,0.02737196204283835
1479,0.00597399568620473,0.02737207120230028
1480,0.00597249321885373,0.02737191935735728
1481,0.00596110985012352,0.02736635083817699
1482,0.00595966600726631,0.02736536921986629
1483,0.00595867444046882,0.02736446390080289
1484,0.00594949613441997,0.02736144859124909
1485,0.00594725751008468,0.02736055589927981
1486,0.0059447726230088,0.02735895969777208
1487,0.00593971928351128,0.02735805845974826
1488,0.0059350154755116,0.02735794146277422
1489,0.00593406532182291,0.02735744952261941
1490,0.00592183979428092,0.02735341326939611
1491,0.00592095866062329,0.02735259006071582
1492,0.00591600961227032,0.02735085519123273
1493,0.00591522295403365,0.0273492903850847
1494,0.0059134962319987,0.02734881347844767
1495,0.00590942419469608,0.02734730077792962
1496,0.00590919601937558,0.02734741555328112
1497,0.00590502349239422,0.02734664396384479
1498,0.00589983745235721,0.02734632314289937
1499,0.00588969222274509,0.02734208097389584
1500,0.00588878278740515,0.02734203056011306
1501,0.00587921252526781,0.02735180304066631
1502,0.00586878125191785,0.02734830096173163
1503,0.00586874402077727,0.02734834702329966
1504,0.00585949368748949,0.02734574072978426
1505,0.00585382457995242,0.02734347429735413
1506,0.00585088052302189,0.0273425587788404
1507,0.00584811030460341,0.02734189689862302
1508,0.00584298251025228,0.02733966204643127
1509,0.00584237044408371,0.02733899177949352
1510,0.00583715608688732,0.02733546024314217
1511,0.00582872596158903,0.02733277123322705
1512,0.00582801674859096,0.02733250512965965
1513,0.00582460624699608,0.02732965796730959
1514,0.00581991872990788,0.02732907488499291
1515,0.00581636866507102,0.02732789320129869
1516,0.00581567699300751,0.02732742963337226
1517,0.00581563976226925,0.02732742939434406
1518,0.00581439547130332,0.02732750034642498
1519,0.00581320160908801,0.02732704030163926
1520,0.00581290488752065,0.02732681262727479
1521,0.00580169256901558,0.02732617287135285
1522,0.00579690798314768,0.02732599366027308
1523,0.00578999873131176,0.02732155040758264
1524,0.00578469754885586,0.02732150499512991
1525,0.00578091439599218,0.02732030499991977
1526,0.00577005556381866,0.02732000250992957
1527,0.00575930929975598,0.0273229223377597
1528,0.00574815980459506,0.0273171269181314
1529,0.00574409171296262,0.0273164420149721
1530,0.00574007014360687,0.02731295360659914
1531,0.00573903893899006,0.02731222598127033
1532,0.00573586560712551,0.02731042608405726
1533,0.00573272628913228,0.02731066929606352
1534,0.00573060229532912,0.02731035379266658
1535,0.00572063283947575,0.02730913808949026
1536,0.00571527674117455,0.027308915650545
1537,0.00571242525135582,0.02730881549362536
1538,0.00571052856378389,0.02730650359810345
1539,0.00570962373462682,0.02730639597104288
1540,0.00570019220186712,0.02730327624605453
1541,0.00568825277565584,0.02729167679572161
1542,0.0056739095248417,0.02728898659439951
1543,0.00567241951036481,0.02728889137799145
1544,0.00566370555048846,0.027281715983033
1545,0.00565961295847662,0.0272801769719491
1546,0.00565957613914758,0.02728016776699914
1547,0.00565899965289216,0.02727980188527767
1548,0.0056559712267886,0.02727865660101233
1549,0.00565031558075403,0.02727965050872901
1550,0.00564821641047949,0.02727908136646282
1551,0.00564811793894855,0.02727903457571517
1552,0.00564129801686025,0.02727693285209622
1553,0.00563488056698805,0.02727537155419645
1554,0.00562148760293931,0.02726867933098535
1555,0.00561226788753633,0.02726513735015592
1556,0.00561027040821701,0.02726408395683574
1557,0.00560895295273049,0.02726314282861226
1558,0.00560275194181316,0.02725734003156803
1559,0.00559456910030728,0.02725394749720255
1560,0.00558612738111901,0.02724630852641903
1561,0.00557897707221023,0.02724285290085479
1562,0.00557512986232486,0.02724335096128368
1563,0.0055664373285316,0.0272376986925023
1564,0.00556073876750377,0.02723500790056953
1565,0.00555231442574384,0.02722909798650466
1566,0.00554730859513109,0.02722715894762049
1567,0.00553986870831495,0.02722178188350955
1568,0.00553467140458373,0.02721949728234765
1569,0.00553301746458783,0.02721909433450607
1570,0.00551892087879769,0.02720570483938819
1571,0.00551325069894996,0.02720485685481072
1572,0.00551012543738501,0.027205256577676
1573,0.00550740296037211,0.02720487921107039
1574,0.00549846786490105,0.02720516261132312
1575,0.00549024906944214,0.02720175778679673
1576,0.00548527242515263,0.02720180711130878
1577,0.00547676570977544,0.02719926327916121
1578,0.00547397372892655,0.02719843188303919
1579,0.00547107194516831,0.02719842911714703
1580,0.00546368758833996,0.02718909220515022
1581,0.00546213748361426,0.02718950470597605
1582,0.00545812939474833,0.02718899109292465
1583,0.00545638100830647,0.02718852114980275
1584,0.00545511829424229,0.02718827574499864
1585,0.00544696984673253,0.0271839301375089
1586,0.00544628753904747,0.02718385213010743
1587,0.00544483685511412,0.02718341397024425
1588,0.00544200968934575,0.02718229318408455
1589,0.00543467158994831,0.02717988458848581
1590,0.00543208781706692,0.02717684740930127
1591,0.00542971792305443,0.02717520419371101
1592,0.00542523492686435,0.02717421236657402
1593,0.00542396108370183,0.02717379970241868
1594,0.00542367951145389,0.02717400379041598
1595,0.00541744014016485,0.02717258879170625
1596,0.00541184108331978,0.02717029515095529
1597,0.00540939583412069,0.02716892851780545
1598,0.00540775454674284,0.02717066472265659
1599,0.00540558353852997,0.02717133299854094
1600,0.00539952419862031,0.02717510469186955
1601,0.00539348449024241,0.0271739378335582
1602,0.00539041973434146,0.02717172391480029
1603,0.00538687642243592,0.02717073443372983
1604,0.00537807479378528,0.02716878214344762
1605,0.00537537669305398,0.0271681302496484
1606,0.00536808799478218,0.02716655321965504
1607,0.00536622557471185,0.02716612173297511
1608,0.00536399598939419,0.0271652979804636
1609,0.00535836162494006,0.02716320422115421
1610,0.00535301498418088,0.02716296987444135
1611,0.00534968611286754,0.0271602909051247
1612,0.00534928800211226,0.02716058723975959
1613,0.00534925151046898,0.02716058711356281
1614,0.0053445121256616,0.02715868229677288
1615,0.0053415905526198,0.02715788787397551
1616,0.00533686195833742,0.02715329621872122
1617,0.0053271657862364,0.0271500452261021
1618,0.00532334347571603,0.02714899774195974
1619,0.00531913845918027,0.02714794080548039
1620,0.00531767726216738,0.02714738541327479
1621,0.00531374948228601,0.02714558175529184
1622,0.0053041837382758,0.02714144616581029
1623,0.00530357373411289,0.0271417316568819
1624,0.00529746390214231,0.02713994303618624
1625,0.00529737958916192,0.02713998258651388
1626,0.00529734750686514,0.02713998266216856
1627,0.00529712322338578,0.02714011575888624
1628,0.00528967558417671,0.02713311486097528
1629,0.0052801932521835,0.02713013371115541
1630,0.00527058933191238,0.02712785194359842
1631,0.00526524299775968,0.02712605962259963
1632,0.00526333800959711,0.02712515202642886
1633,0.00526031747490542,0.02712068847538372
1634,0.00525088174631991,0.02711089636982764
1635,0.00524778563860917,0.02711010557198227
1636,0.00524762284391362,0.02711012340588582
1637,0.00524238726326802,0.02710775596906877
1638,0.00523981286134427,0.02710834641594247
1639,0.00523152968075144,0.02710693661489004
1640,0.00522255783607602,0.02710465397338634
1641,0.00521982328825511,0.02710365442099666
1642,0.00521557299700321,0.02710527223283367
1643,0.00521150236992311,0.02710322238114376
1644,0.00520474294217307,0.02710090247918149
1645,0.00520033231569293,0.02709928868287838
1646,0.00519871448447773,0.02709866956050489
1647,0.00518718105419568,0.02709358784540527
1648,0.00517752829073172,0.0270864718646927
1649,0.00517175504447505,0.02708246888204437
1650,0.00516897229046802,0.02708066156009992
1651,0.00516733609898458,0.02708095930865204
1652,0.00516357672274658,0.02708064559246603
1653,0.00516043332998595,0.02707627059134474
1654,0.00515715609582657,0.02707628092837691
1655,0.00514954773242342,0.02707484716164865
1656,0.00514891434158624,0.02707516035811615
1657,0.00514770181806733,0.02707481298585729
1658,0.00514661895718553,0.02707466949159437
1659,0.00513703053360023,0.02706655932686065
1660,0.00513559908854862,0.02706624930480961
1661,0.0051313089045368,0.0270620015629064
1662,0.00512291329438573,0.027055213119219
1663,0.00512284263554913,0.02705525763402949
1664,0.00511759042865608,0.02705392030769189
1665,0.00511755675561877,0.02705391729403245
1666,0.00511752428584656,0.02705391427198884
1667,0.00511744329292815,0.02705386817161417
1668,0.00511741305113947,0.02705386668846554
1669,0.00511721918870566,0.02705388886462357
1670,0.00511279710837314,0.02705546476260716
1671,0.00510396846854955,0.02706262705710904
1672,0.00509420276934796,0.02705876410703771
1673,0.00508678088697427,0.02705681114533469
1674,0.00508250094808163,0.02705577704148607
1675,0.0050735251017303,0.02705351170320411
1676,0.00507060675646831,0.02705331044073583
1677,0.00507016371207872,0.02705351038076621
1678,0.0050701339514604,0.02705350851527221
1679,0.00507010575142516,0.02705352307559411
1680,0.00506518399391238,0.0270500703575262
1681,0.00506515593215091,0.02705006830658528
1682,0.00506398191220491,0.0270498347279286
1683,0.00506395481691901,0.02704983756550046
1684,0.00505920377264097,0.02704892729391881
1685,0.00505712757867782,0.02704694623748863
1686,0.00505302155778364,0.02704499737006838
1687,0.00504959569115213,0.02703980484364643
1688,0.00504438706598847,0.02703902592429821
1689,0.00504411196854342,0.02703879872442033
1690,0.0050436709926357,0.02703893973536342
1691,0.00504296605101114,0.02703855370848353
1692,0.0050411089515569,0.0270391136103679
1693,0.00503788058620549,0.02703784690956982
1694,0.00503280975686181,0.02703757389764364
1695,0.00503022906446335,0.02703614768818966
1696,0.00502447693005809,0.02703531181976391
1697,0.00502187470279113,0.02703504093183604
1698,0.00501763000216167,0.02703119864035223
1699,0.00501280609384673,0.02703248295800847
1700,0.00500995068837164,0.02703287884513301
1701,0.0050054644944551,0.02703354706574378
1702,0.00500343268063538,0.0270309493093557
1703,0.00499810822365332,0.0270267669950509
1704,0.00499058067543646,0.02701593009071187
1705,0.00498572436706575,0.02701425582664447
1706,0.00497733162205174,0.02701155082771291
1707,0.0049728655460662,0.02701253654646036
1708,0.0049705678360478,0.0270120426510429
1709,0.00497004032583584,0.02701131144408741
1710,0.00496366403778672,0.02701037403954151
1711,0.00496005819524625,0.02700830034255237
1712,0.00495522005827385,0.02700909627089154
1713,0.00495167788950915,0.02700836550049643
1714,0.00495165020223954,0.02700837799106533
1715,0.00495140530853337,0.02700830573921881
1716,0.00494875300330606,0.02700794923126527
1717,0.00494463362745624,0.02700605631152086
1718,0.00493601466808665,0.02700368701355994
1719,0.00493203266994085,0.02700352272798638
1720,0.0049307905223876,0.02700308098377991
1721,0.00492908651143476,0.02700293844579008
1722,0.00491964762236955,0.02699919829747899
1723,0.00491661969581126,0.02699599609152483
1724,0.00491629472283068,0.02699591773812149
1725,0.00491377560784406,0.02699593607387651
1726,0.00491129813088984,0.02699589168715791
1727,0.00490755382604277,0.02699502134804047
1728,0.00490710093189774,0.02699540868243414
1729,0.00490186783995836,0.02699345736942118
1730,0.00489695602448244,0.02699207799733763
1731,0.00489537779818098,0.02699176099993365
1732,0.0048872577126856,0.0269927437140958
1733,0.00488399440914379,0.02699157273807719
1734,0.00488388563186343,0.02699162642469659
1735,0.00488236635609202,0.02699132457162416
1736,0.00487503031295681,0.02698831100411701
1737,0.00487426969413512,0.02698864366443949
1738,0.00487195367194245,0.02698689092173596
1739,0.00487192829796868,0.02698689107588915
1740,0.0048708401885708,0.02698576805576192
1741,0.00486956381367441,0.02698619683410184
1742,0.00486953734984889,0.02698620301672929
1743,0.00486244875978249,0.02697953484443934
1744,0.0048590145967444,0.02697815804160333
1745,0.00485294961434117,0.02697469341616275
1746,0.00484987457944741,0.02697433924257907
1747,0.00484801631369695,0.02697346009128654
1748,0.00484703772307509,0.02697291781760501
1749,0.00483874150971107,0.02696818177434331
1750,0.00483351364293476,0.0269660489745942
1751,0.00482930874663844,0.0269650373021605
1752,0.00482589921998318,0.02696426827735982
1753,0.00482161429430064,0.02696426020532577
1754,0.00481796647179126,0.02696224056600298
1755,0.00481464641777092,0.02696015957596929
1756,0.00480594454542574,0.02696538446794625
1757,0.00480261870153317,0.0269608663876464
1758,0.00480092946538615,0.02696117375961351
1759,0.00479695156420493,0.02696051508976272
1760,0.00479519250093271,0.02695940830624301
1761,0.00479516696438565,0.02695941075092903
1762,0.00479348160093242,0.02695950295327823
1763,0.00479125989224504,0.02695926768103488
1764,0.00478105681820404,0.02695706504297662
1765,0.00477736899126642,0.02695621208027502
1766,0.00477279690520948,0.02695406718606685
1767,0.00477254696800863,0.02695413928528243
1768,0.00477200927544837,0.026954243030341
1769,0.00476616085785372,0.02695293531086477
1770,0.00476134852641987,0.02695186863079519
1771,0.00475585271464387,0.02695058713890608
1772,0.00475289069519461,0.0269492683432877
1773,0.00474378408508771,0.0269463717789835
1774,0.00473985549979559,0.02694537403811369
1775,0.00473713181284525,0.02694374292631565
1776,0.00473273982798636,0.02694128984519819
1777,0.00473001733971294,0.02694003994458323
1778,0.00472688148739108,0.02693981509727666
1779,0.00472309336274498,0.02694154599124068
1780,0.00471980962034151,0.02694053579500276
1781,0.00471688739553268,0.0269389977266255
1782,0.00471368006294617,0.02693842690580574
1783,0.0047125302145453,0.02693816674895225
1784,0.00471176161683294,0.02693808643551529
1785,0.0047117358919854,0.02693808415918444
1786,0.00471003753024827,0.02693661453763145
1787,0.00470693153091133,0.02693585957520235
1788,0.00470554335774652,0.02693519166343065
1789,0.00470135336392072,0.0269344733721653
1790,0.00469693823079413,0.0269333239792459
1791,0.00469599209223518,0.02693078890881982
1792,0.00468707954002975,0.02693341337611208
1793,0.00468640237814747,0.02693282563684303
1794,0.00468634431436664,0.02693281569846078
1795,0.00468427406864577,0.0269321813014026
1796,0.00468424911765745,0.02693218166070986
1797,0.00468422435097454,0.02693217704409464
1798,0.00468420055300257,0.02693217720472302
1799,0.00468361941328594,0.02693211010960691
1800,0.004682949000664,0.02693211340039136
1801,0.00467937837839088,0.02693169982539453
1802,0.00467709634344236,0.02693043926082701
1803,0.00467124053839935,0.026928192899955
1804,0.00466850745210905,0.02692749470471215
1805,0.00466810486447115,0.02692678810094505
1806,0.00466808135845917,0.02692678303908204
1807,0.00466074274364629,0.02691981766023075
1808,0.00465540901807005,0.02691813817372131
1809,0.00464800824444962,0.02691216240951861
1810,0.0046455736476399,0.02691106508842287
1811,0.00464555062291028,0.02691107017508268
1812,0.00464552733088714,0.02691107154214357
1813,0.00464270856670937,0.02690964410030374
1814,0.00463821403125136,0.02690711624439314
1815,0.00463538690231743,0.02690663704285869
1816,0.00463507281848584,0.026906659940271
1817,0.00463429388879701,0.02690638930216262
1818,0.00462879353543504,0.02690333423490892
1819,0.00462844001396907,0.02690311205234017
1820,0.00462803869275706,0.02690274966463714
1821,0.00462536964504626,0.02690226228116374
1822,0.00462356416110391,0.02690190556400265
1823,0.00462299485006818,0.02690169492267338
1824,0.00461853867168896,0.02690075505087104
1825,0.00461501183794971,0.02689354372169428
1826,0.00461225250888038,0.02689295815556067
1827,0.00461149960666835,0.02689261353334844
1828,0.00460766495911194,0.02689226077321722
1829,0.00460756947426174,0.0268921586681958
1830,0.00460313143687923,0.02689093959018708
1831,0.00460311019984261,0.02689093706565772
1832,0.00460217860115661,0.02689140654392881
1833,0.0046021572046522,0.02689140657014185
1834,0.00459840856230106,0.02689119244571527
1835,0.00459838746322665,0.02689119480294817
1836,0.00459821972989053,0.02689125586757065
1837,0.00459022017077414,0.02688946383385617
1838,0.00458945088406834,0.02688906519713616
1839,0.00458943039286625,0.02688906329983977
1840,0.00458940994362212,0.02688904739618253
1841,0.00458931028511594,0.02688886247029076
1842,0.00458929077387509,0.02688886235764724
1843,0.00458927138479041,0.02688883900880285
1844,0.00458908663163971,0.02688888073404905
1845,0.00458899352085131,0.02688872748629425
1846,0.00458897484634765,0.02688872558383762
1847,0.00458895598705182,0.02688872529222287
1848,0.00458890483915648,0.02688864338389614
1849,0.00458268590323473,0.02688654304148884
1850,0.0045802354022515,0.02688621103047657
1851,0.00457969620320301,0.02688533347625712
1852,0.00457330989067917,0.02688403989197395
1853,0.00457061971344853,0.02688379155956891
1854,0.00456728740686895,0.02688371170054913
1855,0.00456144301972117,0.02688249904355796
1856,0.0045587610880674,0.02688191911160205
1857,0.00455710900792805,0.0268812179266573
1858,0.00455164202886441,0.02687971379538663
1859,0.00454945445685648,0.02687543496624437
1860,0.00454289644995883,0.0268707287349863
1861,0.0045400859893404,0.02686904614702058
1862,0.0045316200143263,0.02686724053051425
1863,0.00453047100203614,0.02686727324817951
1864,0.00452074955870539,0.02685929660010298
1865,0.00451554923696007,0.02686234397594655
1866,0.00450575620220855,0.02685238807101726
1867,0.00450200482910728,0.02684943536785641
1868,0.00449471632835158,0.02684753395498553
1869,0.00449464747590941,0.02684752035007251
1870,0.00449387448784661,0.02684743824835889
1871,0.00449297708598551,0.02684689301138663
1872,0.00449149059619597,0.02684579156381011
1873,0.00448970018573643,0.02684529900228018
1874,0.00448837558763345,0.02684512825248343
1875,0.00447994025513467,0.02684531757529052
1876,0.00447698686675334,0.02684413421793969
1877,0.00447696641304851,0.02684413439235603
1878,0.00447694605559252,0.0268441346093109
1879,0.0044757325193884,0.02684340777469402
1880,0.00447571294019864,0.02684339044777933
1881,0.0044747642289857,0.02684280849297884
1882,0.00447474503734894,0.02684280850628071
1883,0.00447332985403788,0.02684175668925054
1884,0.00447325691234568,0.02684162112487608
1885,0.00447205493572784,0.02684096137191922
1886,0.00446914184485352,0.02684070210668237
1887,0.00446903596178136,0.02684075113978302
1888,0.00446776988111455,0.02684014476339377
1889,0.00446771708559672,0.02684013634898264
1890,0.00446026379949288,0.02683739454814385
1891,0.00445641832253242,0.02683587469813289
1892,0.00444986098874509,0.02683378038500302
1893,0.00444216424996843,0.02683008329302019
1894,0.00443772971281807,0.02682926480122543
1895,0.00443335481996193,0.0268282033022178
1896,0.00443199749417439,0.02682824730903349
1897,0.0044245564737223,0.02681538635441212
1898,0.00441984037133342,0.02681361594960466
1899,0.00441636005752326,0.0268129753833599
1900,0.00441461883236341,0.02681220844327691
1901,0.0044084808862569,0.02680519776522083
1902,0.00440562094957787,0.02680406844548515
1903,0.00440365236936405,0.0268033052527719
1904,0.00439698996392835,0.02680066293217011
1905,0.00439179189587975,0.02679822715078689
1906,0.00439149068960027,0.02679797316510107
1907,0.00438503128558658,0.02679637990532775
1908,0.0043837660131017,0.02679639200193937
1909,0.00438177596418217,0.02679764794601979
1910,0.00438138215672993,0.02679763671790008
1911,0.00437722137554394,0.02679508814163128
1912,0.00437258245029027,0.02679429251085248
1913,0.0043670062648928,0.02679294747843007
1914,0.00436500319373619,0.0267933982585547
1915,0.00436386771562303,0.02679289211871601
1916,0.00435927799316535,0.02679157031378846
1917,0.00435130863284417,0.02678868733232919
1918,0.00434469427684096,0.02678482218675032
1919,0.00434313674834397,0.02678376882929645
1920,0.00433835593157003,0.02677959421922013
1921,0.00433200728528596,0.0267781974336132
1922,0.00433045587507258,0.02677718765783886
1923,0.0043284743849641,0.02677458658639786
1924,0.00432693667767543,0.02677399070569368
1925,0.00432228850726082,0.02677312947231695
1926,0.00431660343156592,0.02676265548459146
1927,0.00431199101911211,0.02676202035312654
1928,0.00431113496695169,0.02676125020904789
1929,0.00430733466344577,0.02675920835153723
1930,0.00430376527885265,0.02675863734460061
1931,0.00429957853135912,0.02675784542375129
1932,0.00429437958864684,0.0267588251105613
1933,0.00428764307219989,0.02675716631364947
1934,0.00428411113958788,0.0267581408114539
1935,0.00427928053888151,0.02675605385165047
1936,0.00427632921192322,0.02675437263465796
1937,0.00426873172651412,0.02675127791233782
1938,0.00426599250373763,0.02674431028965867
1939,0.00426356380188508,0.02674391263652676
1940,0.0042589249237694,0.02674068955683817
1941,0.0042550326350942,0.02673873426944962
1942,0.00425323363393607,0.02673816490914743
1943,0.00425013670634542,0.02673715159412183
1944,0.00424758738738224,0.02673812935037525
1945,0.00424497803805604,0.02673536530613561
1946,0.00423995839946923,0.02673410742542896
1947,0.00423136543583402,0.02673335974549113
1948,0.00422861792337552,0.02672952222754377
1949,0.00422260408020187,0.02673022228465028
1950,0.00421980759113107,0.02672996082346911
1951,0.00421550795170737,0.02672871145657022
1952,0.00421453390208581,0.02672842412896429
1953,0.0042136174944292,0.02672806940148088
1954,0.00421180834819,0.02672768819908253
1955,0.00420879956800333,0.02672558252379502
1956,0.00420802618570843,0.02672530513772223
1957,0.00420759088440283,0.02672442702859138
1958,0.0042058327535323,0.0267234918633182
1959,0.00420549199242491,0.02672390253786692
1960,0.00420343887376667,0.0267233859447348
1961,0.00420104790027552,0.02672188144797468
1962,0.00420099092446113,0.02672173535202284
1963,0.00420071020259297,0.026721218409519
1964,0.00420060849846165,0.02672130857777383
1965,0.00419775571907108,0.02672019231754247
1966,0.00419378448610217,0.02671841870997731
1967,0.00419088099032734,0.02671746726758687
1968,0.00418779308291614,0.02671663128253107
1969,0.00418620402520457,0.02671557092156392
1970,0.00418133726791612,0.02671401550048202
1971,0.00417745697743228,0.02671501075283485
1972,0.00417555640295967,0.02671574179140172
1973,0.00417157209661141,0.02671383339048315
1974,0.00416839138233958,0.02671107102811423
1975,0.00416591924017675,0.02671077068884425
1976,0.00416393275783963,0.02670966030792878
1977,0.00416111059741547,0.02670711780126514
1978,0.00415817429663689,0.02670680433397333
1979,0.00415766583092273,0.02670640960285001
1980,0.00415764600106518,0.02670640958762276
1981,0.0041571706103267,0.0267060533577044
1982,0.00415689398795035,0.02670564629256361
1983,0.00415223973783959,0.02670445198132664
1984,0.00414794011427593,0.02670454470176443
1985,0.00414626997897489,0.02670472247907094
1986,0.0041423046463993,0.02670291052450699
1987,0.00414157818288139,0.02670144517501939
1988,0.00413867455664344,0.02670003765117391
1989,0.00413369743793113,0.02669979078095981
1990,0.0041313198782845,0.02669914827356304
1991,0.00412975238484296,0.02669857734967662
1992,0.00412190028502048,0.02669746755821026
1993,0.00411954314199604,0.02669892412700344
1994,0.00411820597039232,0.02669867702378444
1995,0.00411593361216172,0.02669759963329247
1996,0.00411278203708405,0.02669696619566594
1997,0.00411181210478492,0.02669685540497658
1998,0.00410967414236948,0.02669534680130292
1999,0.00410965545794562,0.02669534414962063
2000,0.00410485779004447,0.02669279120111209
2001,0.00410372702207258,0.02669225029414141
2002,0.00410220314761713,0.02668979722254614
2003,0.0041003368581131,0.02668898495406823
2004,0.00409983882090973,0.02668867962356343
2005,0.00409875768749733,0.02668889512743662
2006,0.00409602455612145,0.0266872495656834
2007,0.00409592695404595,0.0266871945785234
2008,0.00409543919172014,0.02668699698109396
2009,0.00409506374540399,0.02668690503601165
2010,0.00409498270861136,0.02668689009257672
2011,0.0040949647486121,0.02668688702537387
2012,0.00409448754825223,0.02668687288844248
2013,0.00409329653441609,0.02668665958665782
2014,0.00408820819598998,0.02668426923817477
2015,0.00408650422839958,0.0266838935340226
2016,0.00408532265927651,0.02668352851947782
2017,0.00408456646980437,0.0266833993404526
2018,0.00408315583479866,0.02668286119968255
2019,0.00407828114419314,0.02668184492642958
2020,0.00407764655701298,0.02668178056210708
2021,0.00407659479069621,0.02668085400457434
2022,0.0040740142307506,0.02668032924594704
2023,0.00406657637254818,0.02668003667804585
2024,0.00406551140257734,0.02667908032968501
2025,0.00406379308405643,0.02667857707522364
2026,0.00406301041859407,0.02667834025493978
2027,0.0040619627900341,0.02667817808211699
2028,0.00405731891385798,0.0266776325121574
2029,0.00405710004764146,0.02667706320225337
2030,0.00405497773778819,0.02667512743678549
2031,0.00405236909420339,0.02667336513002814
2032,0.00404406685604599,0.02667409735847879
2033,0.0040403134018721,0.0266723446726456
2034,0.00403496224068829,0.02666767068394434
2035,0.0040270883099031,0.02666646645580814
2036,0.00402300431119523,0.02666543629109684
2037,0.00402086284663897,0.02666497449867816
2038,0.00402018603818378,0.02666438087083415
2039,0.00401614760059852,0.0266638171673097
2040,0.00401123201462349,0.02666287082925187
2041,0.00401044171518219,0.02666270314075037
2042,0.00400857600597312,0.02666224730371796
2043,0.00400435649005703,0.02666120546453003
2044,0.004002660025233,0.02666081417590012
2045,0.00400154368579534,0.02666006747160438
2046,0.00399369169576901,0.02665664887886816
2047,0.00399291286314461,0.02665635344371002
2048,0.00398757588524893,0.0266562864523208
2049,0.00398696190440126,0.02665615162098997
2050,0.00398646023021861,0.02665604409939613
2051,0.00398129626599147,0.02665331241788986
2052,0.00397948365782772,0.02665233684165504
2053,0.00397387522412468,0.02665208279129377
2054,0.0039737151102149,0.0266518571628858
2055,0.0039707795245767,0.02665024387956817
2056,0.00396899507088567,0.02664980345267048
2057,0.00396641441250252,0.02664813842832543
2058,0.00396169736087743,0.02664135146321368
2059,0.00395968614198795,0.02664009084229695
2060,0.00395546513180814,0.02663955089082909
2061,0.00395156332028477,0.02663850499230888
2062,0.00394768728115869,0.02663742015957034
2063,0.00394403084193,0.02663580789546514
2064,0.00394329319219929,0.02663568250436928
2065,0.00394205209789403,0.02663496424346464
2066,0.00394011030010526,0.02663266394933181
2067,0.00393930748481872,0.02663212280972712
2068,0.00393761947500218,0.02663182667593093
2069,0.00393721907804193,0.02663185149885359
2070,0.00393541153838919,0.02663138202087701
2071,0.00393431208599748,0.02663104424588187
2072,0.0039310388073076,0.02663096671469412
2073,0.0039303729022903,0.02663045224335029
2074,0.00392921159111565,0.02662964827407583
2075,0.00392919442036488,0.02662964745622265
2076,0.0039291770331071,0.02662964729675946
2077,0.00392788791458627,0.0266292770048139
2078,0.00392241526360621,0.02662850807153303
2079,0.0039223983928442,0.02662850850481804
2080,0.00392217056837572,0.02662823979214451
2081,0.00392190123959426,0.02662770760068488
2082,0.00392188447895465,0.02662770473938334
2083,0.00391898423525774,0.02662627090302801
2084,0.00391463868044072,0.02662344582971438
2085,0.00391383305763085,0.02662235469894021
2086,0.00391328040764473,0.02662195373784668
2087,0.00391271676838671,0.02662187541913738
2088,0.00391225017497294,0.02662190114622549
2089,0.00390561519341402,0.02661896384807191
2090,0.00390158761574937,0.02661857190609025
2091,0.00389909683157851,0.02661800283548034
2092,0.00389607637040473,0.02661623534928845
2093,0.00389396447254097,0.02661456312397764
2094,0.00389118241214632,0.02661449837684796
2095,0.00388925601763428,0.02661428989588113
2096,0.00388701908355176,0.02661388864666534
2097,0.00388424431092886,0.02661213452990147
2098,0.00388268456087749,0.02661236641534588
2099,0.00387991467784291,0.02661212101432808
2100,0.00387858950541143,0.02661112726450543
2101,0.00387830872203431,0.02661090670752091
2102,0.00387829322292548,0.02661091022983037
2103,0.00387579703660337,0.02660999170920378
2104,0.00387059137680357,0.02660907353101751
2105,0.00386911122424051,0.02660837290710772
2106,0.00386222973824323,0.02660552950629772
2107,0.00385946749932174,0.02660449589693203
2108,0.00385605050862586,0.0266022830988837
2109,0.0038520903903786,0.02660132284262177
2110,0.00384190343433668,0.02659983708025621
2111,0.00383738991502691,0.02660618656643731
2112,0.00383413956122071,0.02660516934226699
2113,0.00383129611003785,0.02660446378747678
2114,0.00382774356019423,0.02660474555004595
2115,0.00382306731719847,0.02660536535910829
2116,0.00381990479310928,0.02660291338959033
2117,0.00381651540210475,0.02660266935184462
2118,0.00381270181650222,0.02660032698909814
2119,0.00380879700859375,0.02659924307234125
2120,0.00380500182668413,0.02659676962814612
2121,0.00380257289314066,0.02659561748953806
2122,0.00379965415191434,0.02659590265367464
2123,0.00379555681994139,0.02659372364228838
2124,0.00379433247585201,0.02659331833028693
2125,0.003791279192026,0.02659262593010756
2126,0.00378845364256762,0.02659302616065556
2127,0.00378727138443728,0.02659292806712883
2128,0.00378266850566458,0.02659161169733528
2129,0.00377954275052611,0.02659091888153338
2130,0.00377847158361542,0.02659089486043045
2131,0.0037762884323838,0.02659058221066568
2132,0.0037761714965588,0.02659054636942175
2133,0.00377366298002929,0.02658984250577055
2134,0.00376953972801308,0.02658723306380611
2135,0.00376629637484471,0.02659248859624646
2136,0.00376520618589539,0.02659186390901939
2137,0.00376362643003519,0.0265916565811096
2138,0.00376355794843766,0.02659167859095722
2139,0.00376009519375818,0.02659172677802216
2140,0.00375863213923874,0.02659110324540212
2141,0.00375773212578281,0.02659058526162817
2142,0.00375615873606763,0.02658861057457795
2143,0.00375358206941508,0.02658775842169203
2144,0.00375036864530148,0.02658688054951657
2145,0.00375032864749851,0.0265869043157066
2146,0.0037498830439092,0.02658665244630114
2147,0.0037498670398941,0.02658664574682743
2148,0.00374749339025304,0.0265882355523109
2149,0.00374390511374077,0.02658701981258263
2150,0.00374089181650297,0.02658565709990466
2151,0.00373396981682281,0.02657757894505605
2152,0.00373246962514806,0.0265767282031223
2153,0.00372852351811262,0.02657670017126894
2154,0.00372730910108203,0.02657617296246505
2155,0.00372491376141947,0.02657530004692787
2156,0.0037183700185852,0.02656990222818464
2157,0.00371575623072122,0.02656953147984536
2158,0.00371362864303376,0.02656897300277752
2159,0.00371150434696875,0.02656760657047471
2160,0.0037103299532204,0.02656742707223828
2161,0.00370976579779322,0.02656741445202894
2162,0.00370972353513496,0.02656733489826183
2163,0.00370935266546236,0.02656679670622213
2164,0.00370461667109277,0.0265609768534632
2165,0.00370051884476593,0.02655950297063602
2166,0.00369828273717736,0.02655915678528415
2167,0.0036975910012556,0.02655942008867405
2168,0.00369752520491261,0.0265593820155008
2169,0.0036933473877132,0.02655632822734354
2170,0.00369333308901489,0.02655632650863135
2171,0.00369331863247818,0.02655632632898205
2172,0.00369221941983575,0.02655607282560937
2173,0.00369216220583849,0.02655618298518631
2174,0.00369054456105601,0.02655618980068782
2175,0.0036873644049464,0.02655478970260639
2176,0.00368559546191645,0.02655392994662217
2177,0.0036834118847232,0.02655243101109918
2178,0.0036833783964814,0.02655242320227912
2179,0.00368336453496004,0.02655242337768738
2180,0.00368335064218113,0.02655242320227575
2181,0.00368073170294243,0.02654956408303141
2182,0.00367769111150435,0.02654811542269942
2183,0.0036743962214363,0.02654676667679829
2184,0.00367303087978685,0.02654758621977244
2185,0.00367072824166498,0.02654764527739818
2186,0.00366881382926846,0.02654649222204305
2187,0.00366641730220834,0.02654557710184313
2188,0.00366588425352967,0.02654547272592775
2189,0.003660496254644,0.0265434654521291
2190,0.00366048307769616,0.02654346384098909
2191,0.00366030198073829,0.02654337946481476
2192,0.00365976662631053,0.02654315590073492
2193,0.00365799066268428,0.02654382612670316
2194,0.0036563508281949,0.02654289140796164
2195,0.00365530719833111,0.02654269028812485
2196,0.00365215770307554,0.02654220289312412
2197,0.00365214403465482,0.02654220047183896
2198,0.00364881566463907,0.02654105388636702
2199,0.00364877035020841,0.02654105638233737
2200,0.00364858984777548,0.026541107583391
2201,0.00364782160425146,0.02654014536611538
2202,0.00364556409188343,0.02653814849097193
2203,0.00364540905342414,0.02653814766370441
2204,0.0036447527274526,0.02653779985295825
2205,0.00364098927277755,0.02653676847026445
2206,0.00363613038052577,0.02653577289182217
2207,0.00363299227011916,0.0265347872578433
2208,0.00362838338093829,0.02653247316889812
2209,0.00362228826283454,0.02652972272154182
2210,0.00362004371418382,0.0265294793851145
2211,0.00361954435312152,0.02652910931566422
2212,0.00361934462021019,0.02652917207709634
2213,0.00361887699746167,0.02652904438432841
2214,0.00361865487843926,0.02652910527970142
2215,0.00361795450720237,0.0265289448832943
2216,0.00361721859439501,0.02652876290916649
2217,0.00361342845972037,0.02652712673010801
2218,0.00361290084853921,0.02652675098424449
2219,0.00361124806252363,0.0265261509372575
2220,0.00361083957010123,0.02652584393419614
2221,0.00361082484594879,0.02652584160027748
2222,0.00361080502383907,0.0265258990232723
2223,0.00361008624321745,0.02652596687167156
2224,0.00360541255210779,0.0265250290832118
2225,0.00360290248303566,0.02652320334807003
2226,0.00360201975449126,0.02652301152670898
2227,0.00359763746815277,0.02652120996543637
2228,0.00359388335456241,0.02652019507547908
2229,0.00359217866961276,0.02651983011877754
2230,0.00358920677093348,0.026518970236699
2231,0.00358437889995711,0.02651676955207686
2232,0.00358103186669997,0.02651680466264583
2233,0.00357925387424687,0.02651701418807158
2234,0.00357829242405655,0.02651807234486801
2235,0.0035781006230035,0.02651806446113785
2236,0.00357736794025103,0.02651750532557281
2237,0.00357388882555518,0.02651589566584145
2238,0.0035680419575382,0.02651497071870596
2239,0.00356688496984971,0.02651492416742065
2240,0.003564315038171,0.02651397367804021
2241,0.0035613444220002,0.02651378350365486
2242,0.0035596282648665,0.02651302371981496
2243,0.00355569196710159,0.02651173266835447
2244,0.00355138674501549,0.02651038473381433
2245,0.00354714750319179,0.02650682009903289
2246,0.00354436742163722,0.02650491701202541
2247,0.00354290792046925,0.02650353522427602
2248,0.00353882718759179,0.02650209927525574
2249,0.00353361915864901,0.02650021832554452
2250,0.00353358177449377,0.0265002063015713
2251,0.00353283549823275,0.02650016506248301
2252,0.00352721650967261,0.02649645280620905
2253,0.00352458404813097,0.0264957064484854
2254,0.00352063089023495,0.02649377219557743
2255,0.00351967082590589,0.02649361337775765
2256,0.00351551784792155,0.02649203823141022
2257,0.00351282542321423,0.02649036836479686
2258,0.00351281088261368,0.0264903688267167
2259,0.00351167270886883,0.0264897649608249
2260,0.00350881297734589,0.02648863161649162
2261,0.00350491000533682,0.02648681883243032
2262,0.00350248771258956,0.02648669571810962
2263,0.00350047841683473,0.02648689630634795
2264,0.0034994074555512,0.02648660060585424
2265,0.0034949681490286,0.02648576552472528
2266,0.00349339427128953,0.02648541929429829
2267,0.00349118346280719,0.02648394807782947
2268,0.00349001331309432,0.02648379785531385
2269,0.00348848836646964,0.02648324648528911
2270,0.00348779651201688,0.02648229069515342
2271,0.00348691532252754,0.02648041851745601
2272,0.0034852679160072,0.02647969633826187
2273,0.00348298210115727,0.02647940910635333
2274,0.00348100877129672,0.02647885826263601
2275,0.00347763609867664,0.02647773466349367
2276,0.00347683755640052,0.02647742615866654
2277,0.00347161544102409,0.02647610269531682
2278,0.00347000749784268,0.02647563451472924
2279,0.00346980400669669,0.02647551366457186
2280,0.00346787318016308,0.02647321832707075
2281,0.00346599306415307,0.02647252145181844
2282,0.00346226392100966,0.02647190431145022
2283,0.00346221385955686,0.02647193897993237
2284,0.00346123601441942,0.02647080268604426
2285,0.00346109036537713,0.02647082822702024
2286,0.00346107602132633,0.02647082579886047
2287,0.00346106242070117,0.02647082058735587
2288,0.00346104958449412,0.02647082057568187
2289,0.00345913384301603,0.02646980537958099
2290,0.00345408962385453,0.02646696943096634
2291,0.00345307862790712,0.02646700047541277
2292,0.00345289376447795,0.02646720324336876
2293,0.00345288113741768,0.0264672009176717
2294,0.00345286894188055,0.02646719930319339
2295,0.00345228932330457,0.02646713272304091
2296,0.00344983613281582,0.02646666053117244
2297,0.00344620952574744,0.02646616780979987
2298,0.00344400341430495,0.02646623754799675
2299,0.0034439436741993,0.02646624913628104
2300,0.00344088593094438,0.02646497873122169
2301,0.00343597469444795,0.02646439385527463
2302,0.00343579539763399,0.02646441721056231
2303,0.00343397755031943,0.02646394320363782
2304,0.00343111095964262,0.02646268174097924
2305,0.00342821628665771,0.02646299037696375
2306,0.00342770855298731,0.02646291159681312
2307,0.00342654883550609,0.02646271360928543
2308,0.00342521575931499,0.02646212357932186
2309,0.00342491823696882,0.02646210741725065
2310,0.00342437353008386,0.02646167126067099
2311,0.00342433982710194,0.02646168893035047
2312,0.00342408054111193,0.02646160862754333
2313,0.00342392290108555,0.02646172245444221
2314,0.00342289758450572,0.02646225661200411
2315,0.00342288582823391,0.02646225385248349
2316,0.00342287388829018,0.02646226404521544
2317,0.0034222036554575,0.02646164780823924
2318,0.00342125662838785,0.02646169877353738
2319,0.00341821512380121,0.02646202582195275
2320,0.00341526524407926,0.02646158412142507
2321,0.00341284287251524,0.02646091365130215
2322,0.00341260445524379,0.02646066627990242
2323,0.00341034698823554,0.02646056386179538
2324,0.00340594376304819,0.02645944290408844
2325,0.00340062420130968,0.02645628524478878
2326,0.0033959591306336,0.02645505307734735
2327,0.00339545578117007,0.02645512678833226
2328,0.00339508175128479,0.02645506017172109
2329,0.0033942224192741,0.02645470507892957
2330,0.00339115062277875,0.02645286750556338
2331,0.00338844195865628,0.02645225913880104
2332,0.00338649612468044,0.02645089215787317
2333,0.00338250178886875,0.02644966831543597
2334,0.00337851449483298,0.02644869144986914
2335,0.00337549393271377,0.02644859395547965
2336,0.00337266187383997,0.02644923983463027
2337,0.00337139804494765,0.02644968819217778
2338,0.00336867334220851,0.0264492576901466
2339,0.00336446443446383,0.02644966360192016
2340,0.00336406361136826,0.02644934939810815
2341,0.00336065757056063,0.02644770632889414
2342,0.00336045544329358,0.02644775066056095
2343,0.0033555800765438,0.02644566159696905
2344,0.0033535428636992,0.02644436220076738
2345,0.00335275959910825,0.02644418171251276
2346,0.00335144968735175,0.02644335914925111
2347,0.00334858005068367,0.02644250590317896
2348,0.00334676188105268,0.02644223483459313
2349,0.00334496609436309,0.02644179922284563
2350,0.00334020614416186,0.02644062632572693
2351,0.00333774513747383,0.02644055595899053
2352,0.00333616331170506,0.02643963216864442
2353,0.00333321904063253,0.0264390762597582
2354,0.00333211726959287,0.02643871361333716
2355,0.00333164532469427,0.02643871515387503
2356,0.00333125958363294,0.02643879804939073
2357,0.00332801542131581,0.02643749866164563
2358,0.00332746875142327,0.02643770808214075
2359,0.00332740549519665,0.02643768691705924
2360,0.00332710047592255,0.02643749113325042
2361,0.00332708736089358,0.02643748837526318
2362,0.00332469145546767,0.02643661602943973
2363,0.00332186216915812,0.02643597213303625
2364,0.00331833534508244,0.02643542005926444
2365,0.00331536421664133,0.0264342626648743
2366,0.00331535737244876,0.02643425992333398
2367,0.00331535766878626,0.02643425977516393
2368,0.00331535796012791,0.02643425976715781
2369,0.0033153582045205,0.02643426008700537
2370,0.00331535844395074,0.02643426007754275
2371,0.00331535866537561,0.02643425975360335
2372,0.00331535884425717,0.02643425978257152
2373,0.00331535901655856,0.02643426004432576
2374,0.00331535926953829,0.02643426021831617
2375,0.00331535952010293,0.02643426038160758
2376,0.00331535976779101,0.02643426053554505
2377,0.00331535997336227,0.02643426068614884
2378,0.00331536017733183,0.0264342608503811
2379,0.00331536038010909,0.02643426100750135
2380,0.0033153605775939,0.02643426116228443
2381,0.00331536076380667,0.02643426132177252
2382,0.00331536094855153,0.02643426147804237
2383,0.00331536113251344,0.0264342616233422
2384,0.00331536131296914,0.02643426178682364
2385,0.00331536148981336,0.02643426194334597
2386,0.00331536162997251,0.02643426208860996
2387,0.00331536176677318,0.02643426224269569
2388,0.00331536190251447,0.02643426239851793
2389,0.00331536203367634,0.02643426255342633
2390,0.00331536216240052,0.02643426270086511
2391,0.00331536229053849,0.0264342628620017
2392,0.00331536241857265,0.0264342628697172
2393,0.00331536254620116,0.02643426287718367
2394,0.00331536267295039,0.02643426288921779
2395,0.00331536279676017,0.02643426290031857
2396,0.00331536291850754,0.02643426291013517
2397,0.00331536304161079,0.02643426291190872
2398,0.00331536316191282,0.02643426292181075
2399,0.00331536328011875,0.0264342629394498
2400,0.00331536339968217,0.02643426294556356
2401,0.00331536351729688,0.02643426295573554
2402,0.00331536363528192,0.02643426296251182
2403,0.00331536371675221,0.02643426296994105
2404,0.00331536379511259,0.02643426297554272
2405,0.0033153638754392,0.02643426297897554
2406,0.00331536395100864,0.02643426298071974
2407,0.00331536402865586,0.02643426298932622
2408,0.00331536410527062,0.0264342629939366
2409,0.00331536417768862,0.02643426300783976
2410,0.00331536424905765,0.02643426300760881
2411,0.00331536432393272,0.02643426301072798
2412,0.00331536439604563,0.02643426302137605
2413,0.00331536446541589,0.0264342630215748
2414,0.00331536453629578,0.02643426303106939
2415,0.00331536460543126,0.0264342630341145
2416,0.00331536467422625,0.02643426304784506
2417,0.0033153647332389,0.02643426304271931
2418,0.00331536479204524,0.02643426304940601
2419,0.00331536485090767,0.02643426305165237
2420,0.00331536491104591,0.02643426305765671
2421,0.00331536497047506,0.02643426305402584
